farm_id,room_id,date,age_days,current_birds,mortality_count,mortality_rate,avg_weight_kg,daily_gain_kg,feed_intake_kg,water_consumed_liters,feed_conversion_ratio,temperature_c,humidity_pct,light_hours,feed_type,eggs_produced,egg_weight_g,feed_cost_usd,egg_revenue_usd,profit_usd
F001,R001,2025-11-08T00:00:00,0,2437,4,0.164,0.035,0,0.004,0.008,0,31.8,64.0,24,starter,0,0,0.0,0.0,0.0
F001,R001,2025-11-09T00:00:00,1,2435,2,0.082,0.041,0.006,0.005,0.011,0.83,31.5,63.4,24,starter,0,0,0.0,0.0,0.0
F001,R001,2025-11-10T00:00:00,2,2434,1,0.041,0.061,0.02,0.007,0.014,0.35,30.4,61.7,24,starter,0,0,0.0,0.0,0.0
F001,R001,2025-11-11T00:00:00,3,2432,2,0.082,0.078,0.017,0.009,0.017,0.53,29.7,61.3,24,starter,0,0,0.0,0.0,0.0
F001,R001,2025-11-12T00:00:00,4,2428,4,0.165,0.105,0.027,0.013,0.028,0.48,30.6,66.5,24,starter,0,0,0.01,0.0,-0.01
F001,R001,2025-11-13T00:00:00,5,2427,1,0.041,0.126,0.021,0.014,0.028,0.67,29.8,65.7,24,starter,0,0,0.01,0.0,-0.01
F001,R001,2025-11-14T00:00:00,6,2424,3,0.124,0.149,0.023,0.016,0.029,0.7,29.7,61.4,24,starter,0,0,0.01,0.0,-0.01
F001,R001,2025-11-15T00:00:00,7,2422,2,0.083,0.157,0.008,0.014,0.025,1.75,30.0,63.2,24,starter,0,0,0.01,0.0,-0.01
F001,R001,2025-11-16T00:00:00,8,2420,2,0.083,0.159,0.002,0.016,0.034,8.0,28.8,65.1,24,starter,0,0,0.01,0.0,-0.01
F001,R001,2025-11-17T00:00:00,9,2419,1,0.041,0.193,0.034,0.019,0.038,0.56,28.7,65.6,24,starter,0,0,0.01,0.0,-0.01
F001,R001,2025-11-18T00:00:00,10,2418,1,0.041,0.243,0.05,0.024,0.048,0.48,29.3,66.6,24,starter,0,0,0.01,0.0,-0.01
F001,R001,2025-11-19T00:00:00,11,2417,1,0.041,0.279,0.036,0.029,0.059,0.81,28.0,64.1,24,starter,0,0,0.01,0.0,-0.01
F001,R001,2025-11-20T00:00:00,12,2415,2,0.083,0.349,0.07,0.034,0.063,0.49,28.7,61.5,24,starter,0,0,0.02,0.0,-0.02
F001,R001,2025-11-21T00:00:00,13,2414,1,0.041,0.361,0.012,0.033,0.067,2.75,27.9,57.3,24,starter,0,0,0.02,0.0,-0.02
F001,R001,2025-11-22T00:00:00,14,2412,2,0.083,0.365,0.004,0.036,0.078,9.0,27.5,62.3,24,starter,0,0,0.02,0.0,-0.02
F001,R001,2025-11-23T00:00:00,15,2411,1,0.041,0.398,0.033,0.042,0.091,1.27,26.4,64.7,24,grower,0,0,0.02,0.0,-0.02
F001,R001,2025-11-24T00:00:00,16,2409,2,0.083,0.424,0.026,0.043,0.086,1.65,26.0,62.1,24,grower,0,0,0.02,0.0,-0.02
F001,R001,2025-11-25T00:00:00,17,2408,1,0.042,0.508,0.084,0.049,0.094,0.58,25.6,59.2,24,grower,0,0,0.02,0.0,-0.02
F001,R001,2025-11-26T00:00:00,18,2406,2,0.083,0.549,0.041,0.059,0.117,1.44,26.8,66.8,24,grower,0,0,0.03,0.0,-0.03
F001,R001,2025-11-27T00:00:00,19,2405,1,0.042,0.621,0.072,0.06,0.115,0.83,25.0,65.9,24,grower,0,0,0.03,0.0,-0.03
F001,R001,2025-11-28T00:00:00,20,2404,1,0.042,0.675,0.054,0.063,0.122,1.17,26.4,59.2,24,grower,0,0,0.03,0.0,-0.03
F001,R001,2025-11-29T00:00:00,21,2403,1,0.042,0.705,0.03,0.069,0.14,2.3,24.3,64.1,24,grower,0,0,0.03,0.0,-0.03
F001,R001,2025-11-30T00:00:00,22,2401,2,0.083,0.709,0.004,0.064,0.128,10,24.6,63.6,20,grower,0,0,0.03,0.0,-0.03
F001,R001,2025-12-01T00:00:00,23,2400,1,0.042,0.773,0.064,0.074,0.146,1.16,24.1,60.0,20,grower,0,0,0.04,0.0,-0.04
F001,R001,2025-12-02T00:00:00,24,2400,0,0.0,0.867,0.094,0.087,0.182,0.93,24.2,66.8,20,grower,0,0,0.04,0.0,-0.04
F001,R001,2025-12-03T00:00:00,25,2398,2,0.083,0.974,0.107,0.095,0.172,0.89,25.0,57.9,20,grower,0,0,0.05,0.0,-0.05
F001,R001,2025-12-04T00:00:00,26,2397,1,0.042,1.009,0.035,0.11,0.218,3.14,24.3,59.3,20,grower,0,0,0.06,0.0,-0.06
F001,R001,2025-12-05T00:00:00,27,2396,1,0.042,1.064,0.055,0.103,0.215,1.87,24.3,64.8,20,grower,0,0,0.05,0.0,-0.05
F001,R001,2025-12-06T00:00:00,28,2394,2,0.084,1.088,0.024,0.083,0.161,3.46,25.0,65.7,20,grower,0,0,0.04,0.0,-0.04
F001,R001,2025-12-07T00:00:00,29,2392,2,0.084,1.15,0.062,0.1,0.191,1.61,24.0,60.3,20,grower,0,0,0.05,0.0,-0.05
F001,R001,2025-12-08T00:00:00,30,2391,1,0.042,1.179,0.029,0.089,0.194,3.07,24.4,62.0,20,grower,0,0,0.04,0.0,-0.04
F001,R001,2025-12-09T00:00:00,31,2391,0,0.0,1.228,0.049,0.106,0.204,2.16,23.5,57.1,20,grower,0,0,0.05,0.0,-0.05
F001,R001,2025-12-10T00:00:00,32,2391,0,0.0,1.317,0.089,0.101,0.2,1.13,23.8,64.9,20,grower,0,0,0.05,0.0,-0.05
F001,R001,2025-12-11T00:00:00,33,2390,1,0.042,1.42,0.103,0.115,0.253,1.12,23.6,65.6,20,grower,0,0,0.06,0.0,-0.06
F001,R001,2025-12-12T00:00:00,34,2388,2,0.084,1.471,0.051,0.125,0.266,2.45,24.3,61.0,20,grower,0,0,0.06,0.0,-0.06
F001,R001,2025-12-13T00:00:00,35,2386,2,0.084,1.491,0.02,0.119,0.26,5.95,25.0,58.0,20,grower,0,0,0.06,0.0,-0.06
F001,R001,2025-12-14T00:00:00,36,2386,0,0.0,1.507,0.016,0.131,0.273,8.19,23.4,62.6,20,grower,0,0,0.07,0.0,-0.07
F001,R001,2025-12-15T00:00:00,37,2384,2,0.084,1.623,0.116,0.122,0.241,1.05,24.9,59.9,20,grower,0,0,0.06,0.0,-0.06
F001,R001,2025-12-16T00:00:00,38,2383,1,0.042,1.565,0,0.127,0.237,0,24.9,57.6,20,grower,0,0,0.06,0.0,-0.06
F001,R001,2025-12-17T00:00:00,39,2383,0,0.0,1.738,0.173,0.133,0.276,0.77,24.8,63.0,20,grower,0,0,0.07,0.0,-0.07
F001,R001,2025-12-18T00:00:00,40,2382,1,0.042,1.818,0.08,0.149,0.301,1.86,23.9,63.0,20,grower,0,0,0.07,0.0,-0.07
F001,R001,2025-12-19T00:00:00,41,2380,2,0.084,1.924,0.106,0.161,0.347,1.52,24.5,61.3,20,grower,0,0,0.08,0.0,-0.08
F001,R001,2025-12-20T00:00:00,42,2378,2,0.084,1.953,0.029,0.141,0.283,4.86,23.4,59.0,20,grower,0,0,0.07,0.0,-0.07
F001,R001,2025-12-21T00:00:00,43,2377,1,0.042,1.918,0,0.146,0.292,0,24.8,60.8,20,grower,0,0,0.07,0.0,-0.07
F001,R001,2025-12-22T00:00:00,44,2375,2,0.084,1.903,0,0.137,0.294,0,24.5,57.8,20,grower,0,0,0.07,0.0,-0.07
F001,R001,2025-12-23T00:00:00,45,2375,0,0.0,1.88,0,0.154,0.326,0,23.9,62.3,20,grower,0,0,0.08,0.0,-0.08
F001,R001,2025-12-24T00:00:00,46,2374,1,0.042,1.889,0.009,0.154,0.332,10,24.1,63.5,20,grower,0,0,0.08,0.0,-0.08
F001,R001,2025-12-25T00:00:00,47,2374,0,0.0,1.978,0.089,0.166,0.34,1.87,24.1,61.2,20,grower,0,0,0.08,0.0,-0.08
F001,R001,2025-12-26T00:00:00,48,2373,1,0.042,2.036,0.058,0.178,0.382,3.07,23.6,62.8,20,grower,0,0,0.09,0.0,-0.09
F001,R001,2025-12-27T00:00:00,49,2371,2,0.084,2.018,0,0.173,0.32,0,24.1,65.2,20,grower,0,0,0.09,0.0,-0.09
F001,R001,2025-12-28T00:00:00,50,2369,2,0.084,2.138,0.12,0.174,0.356,1.45,24.2,61.8,20,grower,0,0,0.09,0.0,-0.09
F001,R001,2025-12-29T00:00:00,51,2368,1,0.042,2.059,0,0.162,0.308,0,24.2,66.9,20,grower,0,0,0.08,0.0,-0.08
F001,R001,2025-12-30T00:00:00,52,2368,0,0.0,2.199,0.14,0.187,0.39,1.34,24.2,65.5,20,grower,0,0,0.09,0.0,-0.09
F001,R001,2025-12-31T00:00:00,53,2368,0,0.0,2.173,0,0.169,0.345,0,24.7,62.9,20,grower,0,0,0.08,0.0,-0.08
F001,R001,2026-01-01T00:00:00,54,2368,0,0.0,2.171,0,0.165,0.362,0,23.3,57.3,20,grower,0,0,0.08,0.0,-0.08
F001,R001,2026-01-02T00:00:00,55,2366,2,0.085,2.175,0.004,0.17,0.37,10,24.1,60.3,20,grower,0,0,0.09,0.0,-0.09
F001,R001,2026-01-03T00:00:00,56,2366,0,0.0,2.295,0.12,0.202,0.369,1.68,23.9,61.8,20,grower,0,0,0.1,0.0,-0.1
F001,R001,2026-01-04T00:00:00,57,2365,1,0.042,2.19,0,0.159,0.333,0,23.1,63.3,20,developer,0,0,0.08,0.0,-0.08
F001,R001,2026-01-05T00:00:00,58,2365,0,0.0,2.129,0,0.172,0.312,0,23.9,58.8,20,developer,0,0,0.09,0.0,-0.09
F001,R001,2026-01-06T00:00:00,59,2364,1,0.042,2.28,0.151,0.179,0.39,1.19,24.3,66.5,20,developer,0,0,0.09,0.0,-0.09
F001,R001,2026-01-07T00:00:00,60,2362,2,0.085,2.251,0,0.184,0.38,0,24.8,66.0,20,developer,0,0,0.09,0.0,-0.09
F001,R001,2026-01-08T00:00:00,61,2360,2,0.085,2.243,0,0.173,0.344,0,23.6,64.5,20,developer,0,0,0.09,0.0,-0.09
F001,R001,2026-01-09T00:00:00,62,2360,0,0.0,2.228,0,0.172,0.341,0,23.1,64.4,20,developer,0,0,0.09,0.0,-0.09
F001,R001,2026-01-10T00:00:00,63,2358,2,0.085,2.299,0.071,0.191,0.407,2.69,23.6,58.9,20,developer,0,0,0.1,0.0,-0.1
F001,R001,2026-01-11T00:00:00,64,2356,2,0.085,2.417,0.118,0.194,0.394,1.64,23.9,60.3,20,developer,0,0,0.1,0.0,-0.1
F001,R001,2026-01-12T00:00:00,65,2354,2,0.085,2.397,0,0.174,0.371,0,24.6,64.3,20,developer,0,0,0.09,0.0,-0.09
F001,R001,2026-01-13T00:00:00,66,2354,0,0.0,2.345,0,0.175,0.319,0,23.2,61.3,20,developer,0,0,0.09,0.0,-0.09
F001,R001,2026-01-14T00:00:00,67,2353,1,0.042,2.459,0.114,0.179,0.379,1.57,23.8,65.0,20,developer,0,0,0.09,0.0,-0.09
F001,R001,2026-01-15T00:00:00,68,2352,1,0.043,2.521,0.062,0.202,0.411,3.26,23.7,64.8,20,developer,0,0,0.1,0.0,-0.1
F001,R001,2026-01-16T00:00:00,69,2350,2,0.085,2.472,0,0.188,0.386,0,23.1,57.0,20,developer,0,0,0.09,0.0,-0.09
F001,R001,2026-01-17T00:00:00,70,2348,2,0.085,2.492,0.02,0.196,0.419,9.8,24.2,60.5,20,developer,0,0,0.1,0.0,-0.1
F001,R001,2026-01-18T00:00:00,71,2348,0,0.0,2.604,0.112,0.202,0.396,1.8,23.3,58.5,16,developer,0,0,0.1,0.0,-0.1
F001,R001,2026-01-19T00:00:00,72,2347,1,0.043,2.436,0,0.19,0.379,0,24.0,64.1,16,developer,0,0,0.1,0.0,-0.1
F001,R001,2026-01-20T00:00:00,73,2347,0,0.0,2.462,0.026,0.181,0.37,6.96,23.2,57.8,16,developer,0,0,0.09,0.0,-0.09
F001,R001,2026-01-21T00:00:00,74,2345,2,0.085,2.646,0.184,0.192,0.407,1.04,23.8,57.2,16,developer,0,0,0.1,0.0,-0.1
F001,R001,2026-01-22T00:00:00,75,2343,2,0.085,2.615,0,0.212,0.412,0,23.9,59.9,16,developer,0,0,0.11,0.0,-0.11
F001,R001,2026-01-23T00:00:00,76,2342,1,0.043,2.687,0.072,0.227,0.451,3.15,24.0,62.3,16,developer,0,0,0.11,0.0,-0.11
F001,R001,2026-01-24T00:00:00,77,2341,1,0.043,2.736,0.049,0.215,0.455,4.39,23.4,66.9,16,developer,0,0,0.11,0.0,-0.11
F001,R001,2026-01-25T00:00:00,78,2339,2,0.086,2.793,0.057,0.206,0.412,3.61,23.1,65.9,16,developer,0,0,0.1,0.0,-0.1
F001,R001,2026-01-26T00:00:00,79,2338,1,0.043,2.615,0,0.22,0.48,0,24.0,62.2,16,developer,0,0,0.11,0.0,-0.11
F001,R001,2026-01-27T00:00:00,80,2337,1,0.043,2.827,0.212,0.234,0.46,1.1,24.4,61.7,16,developer,0,0,0.12,0.0,-0.12
F001,R001,2026-01-28T00:00:00,81,2336,1,0.043,2.739,0,0.198,0.413,0,24.7,58.0,16,developer,0,0,0.1,0.0,-0.1
F001,R001,2026-01-29T00:00:00,82,2334,2,0.086,2.686,0,0.211,0.426,0,24.0,61.3,16,developer,0,0,0.11,0.0,-0.11
F001,R001,2026-01-30T00:00:00,83,2333,1,0.043,2.788,0.102,0.207,0.412,2.03,24.1,63.0,16,developer,0,0,0.1,0.0,-0.1
F001,R001,2026-01-31T00:00:00,84,2331,2,0.086,2.922,0.134,0.256,0.469,1.91,24.2,57.8,16,developer,0,0,0.13,0.0,-0.13
F001,R001,2026-02-01T00:00:00,85,2329,2,0.086,2.66,0,0.226,0.474,0,23.4,65.1,16,developer,0,0,0.11,0.0,-0.11
F001,R001,2026-02-02T00:00:00,86,2327,2,0.086,2.834,0.174,0.233,0.456,1.34,23.3,65.3,16,developer,0,0,0.12,0.0,-0.12
F001,R001,2026-02-03T00:00:00,87,2326,1,0.043,2.926,0.092,0.249,0.514,2.71,23.6,59.5,16,developer,0,0,0.12,0.0,-0.12
F001,R001,2026-02-04T00:00:00,88,2324,2,0.086,2.893,0,0.252,0.542,0,23.5,63.3,16,developer,0,0,0.13,0.0,-0.13
F001,R001,2026-02-05T00:00:00,89,2322,2,0.086,2.991,0.098,0.249,0.453,2.54,24.7,64.5,16,developer,0,0,0.12,0.0,-0.12
F001,R001,2026-02-06T00:00:00,90,2320,2,0.086,2.916,0,0.222,0.446,0,23.9,64.4,16,developer,0,0,0.11,0.0,-0.11
F001,R001,2026-02-07T00:00:00,91,2320,0,0.0,2.916,0,0.242,0.447,0,24.7,64.0,16,developer,0,0,0.12,0.0,-0.12
F001,R001,2026-02-08T00:00:00,92,2318,2,0.086,3.012,0.096,0.22,0.449,2.29,24.3,64.8,16,developer,0,0,0.11,0.0,-0.11
F001,R001,2026-02-09T00:00:00,93,2317,1,0.043,2.92,0,0.232,0.432,0,24.0,62.5,16,developer,0,0,0.12,0.0,-0.12
F001,R001,2026-02-10T00:00:00,94,2316,1,0.043,3.006,0.086,0.242,0.504,2.81,23.8,61.2,16,developer,0,0,0.12,0.0,-0.12
F001,R001,2026-02-11T00:00:00,95,2315,1,0.043,3.083,0.077,0.269,0.565,3.49,24.2,61.4,16,developer,0,0,0.13,0.0,-0.13
F001,R001,2026-02-12T00:00:00,96,2313,2,0.086,2.929,0,0.256,0.471,0,24.3,59.0,16,developer,0,0,0.13,0.0,-0.13
F001,R001,2026-02-13T00:00:00,97,2312,1,0.043,2.981,0.052,0.231,0.466,4.44,23.5,61.6,16,developer,0,0,0.12,0.0,-0.12
F001,R001,2026-02-14T00:00:00,98,2310,2,0.087,3.049,0.068,0.229,0.448,3.37,23.2,60.1,16,developer,0,0,0.11,0.0,-0.11
F001,R001,2026-02-15T00:00:00,99,2308,2,0.087,3.051,0.002,0.257,0.537,10,24.2,64.4,16,developer,0,0,0.13,0.0,-0.13
F001,R001,2026-02-16T00:00:00,100,2307,1,0.043,2.99,0,0.236,0.505,0,23.3,64.6,16,developer,0,0,0.12,0.0,-0.12
F001,R001,2026-02-17T00:00:00,101,2307,0,0.0,2.991,0.001,0.251,0.468,10,23.6,58.4,16,developer,0,0,0.13,0.0,-0.13
F001,R001,2026-02-18T00:00:00,102,2307,0,0.0,3.021,0.03,0.259,0.532,8.63,24.0,62.7,16,developer,0,0,0.13,0.0,-0.13
F001,R001,2026-02-19T00:00:00,103,2305,2,0.087,2.983,0,0.237,0.494,0,24.9,62.5,16,developer,0,0,0.12,0.0,-0.12
F001,R001,2026-02-20T00:00:00,104,2304,1,0.043,3.047,0.064,0.228,0.468,3.56,24.8,60.0,16,developer,0,0,0.11,0.0,-0.11
F001,R001,2026-02-21T00:00:00,105,2304,0,0.0,3.059,0.012,0.247,0.525,10,23.8,63.4,16,developer,0,0,0.12,0.0,-0.12
F001,R001,2026-02-22T00:00:00,106,2303,1,0.043,3.188,0.129,0.236,0.474,1.83,23.1,57.3,16,developer,0,0,0.12,0.0,-0.12
F001,R001,2026-02-23T00:00:00,107,2303,0,0.0,3.232,0.044,0.24,0.456,5.45,23.5,62.4,16,developer,0,0,0.12,0.0,-0.12
F001,R001,2026-02-24T00:00:00,108,2302,1,0.043,3.119,0,0.261,0.47,0,23.7,61.7,16,developer,0,0,0.13,0.0,-0.13
F001,R001,2026-02-25T00:00:00,109,2300,2,0.087,3.116,0,0.254,0.54,0,24.6,65.4,16,developer,0,0,0.13,0.0,-0.13
F001,R001,2026-02-26T00:00:00,110,2299,1,0.043,3.268,0.152,0.238,0.441,1.57,23.9,61.7,16,developer,0,0,0.12,0.0,-0.12
F001,R001,2026-02-27T00:00:00,111,2297,2,0.087,3.254,0,0.269,0.515,0,23.7,60.9,16,developer,0,0,0.13,0.0,-0.13
F001,R001,2026-02-28T00:00:00,112,2296,1,0.044,3.181,0,0.277,0.528,0,23.6,57.1,16,developer,0,0,0.14,0.0,-0.14
F001,R001,2026-03-01T00:00:00,113,2294,2,0.087,3.205,0.024,0.26,0.476,10,24.4,62.9,16,pre-lay,0,0,0.13,0.0,-0.13
F001,R001,2026-03-02T00:00:00,114,2293,1,0.044,3.171,0,0.279,0.563,0,23.0,58.6,16,pre-lay,0,0,0.14,0.0,-0.14
F001,R001,2026-03-03T00:00:00,115,2293,0,0.0,3.169,0,0.243,0.499,0,23.6,63.3,16,pre-lay,0,0,0.12,0.0,-0.12
F001,R001,2026-03-04T00:00:00,116,2293,0,0.0,3.142,0,0.262,0.507,0,23.5,60.1,16,pre-lay,0,0,0.13,0.0,-0.13
F001,R001,2026-03-05T00:00:00,117,2293,0,0.0,3.325,0.183,0.27,0.557,1.48,24.8,60.7,16,pre-lay,0,0,0.14,0.0,-0.14
F001,R001,2026-03-06T00:00:00,118,2292,1,0.044,3.244,0,0.278,0.544,0,24.2,60.4,16,pre-lay,0,0,0.14,0.0,-0.14
F001,R001,2026-03-07T00:00:00,119,2290,2,0.087,3.179,0,0.251,0.523,0,24.2,66.6,16,pre-lay,0,0,0.13,0.0,-0.13
F001,R001,2026-03-08T00:00:00,120,2289,1,0.044,3.264,0.085,0.236,0.498,2.78,23.1,66.9,16,pre-lay,0,0,0.12,0.0,-0.12
F001,R001,2026-03-09T00:00:00,121,2289,0,0.0,3.41,0.146,0.29,0.579,1.99,24.1,59.6,16,pre-lay,0,0,0.14,0.0,-0.14
F001,R001,2026-03-10T00:00:00,122,2289,0,0.0,3.475,0.065,0.296,0.601,4.55,24.5,64.8,16,pre-lay,0,0,0.15,0.0,-0.15
F001,R001,2026-03-11T00:00:00,123,2288,1,0.044,3.307,0,0.271,0.561,0,24.2,66.5,16,pre-lay,0,0,0.14,0.0,-0.14
F001,R001,2026-03-12T00:00:00,124,2286,2,0.087,3.279,0,0.28,0.565,0,23.3,65.7,16,pre-lay,0,0,0.14,0.0,-0.14
F001,R001,2026-03-13T00:00:00,125,2286,0,0.0,3.379,0.1,0.293,0.558,2.93,23.4,63.0,16,pre-lay,0,0,0.15,0.0,-0.15
F001,R001,2026-03-14T00:00:00,126,2284,2,0.088,3.423,0.044,0.26,0.527,5.91,24.4,58.8,16,pre-lay,0,0,0.13,0.0,-0.13
F001,R001,2026-03-15T00:00:00,127,2282,2,0.088,3.488,0.065,0.289,0.559,4.45,24.6,63.3,14,pre-lay,0,0,0.14,0.0,-0.14
F001,R001,2026-03-16T00:00:00,128,2281,1,0.044,3.475,0,0.273,0.523,0,24.6,65.4,14,pre-lay,0,0,0.14,0.0,-0.14
F001,R001,2026-03-17T00:00:00,129,2281,0,0.0,3.419,0,0.268,0.495,0,24.2,61.4,14,pre-lay,0,0,0.13,0.0,-0.13
F001,R001,2026-03-18T00:00:00,130,2280,1,0.044,3.544,0.125,0.292,0.597,2.34,23.9,64.9,14,pre-lay,0,0,0.15,0.0,-0.15
F001,R001,2026-03-19T00:00:00,131,2279,1,0.044,3.46,0,0.258,0.563,0,24.3,62.4,14,pre-lay,0,0,0.13,0.0,-0.13
F001,R001,2026-03-20T00:00:00,132,2278,1,0.044,3.522,0.062,0.278,0.504,4.48,24.0,58.0,14,pre-lay,0,0,0.14,0.0,-0.14
F001,R001,2026-03-21T00:00:00,133,2278,0,0.0,3.534,0.012,0.281,0.516,10,24.3,59.7,14,pre-lay,0,0,0.14,0.0,-0.14
F001,R001,2026-03-22T00:00:00,134,2276,2,0.088,3.635,0.101,0.297,0.591,2.94,23.4,57.5,14,pre-lay,0,0,0.15,0.0,-0.15
F001,R001,2026-03-23T00:00:00,135,2275,1,0.044,3.558,0,0.273,0.558,0,23.3,62.3,14,pre-lay,0,0,0.14,0.0,-0.14
F001,R001,2026-03-24T00:00:00,136,2273,2,0.088,3.646,0.088,0.297,0.606,3.38,24.3,66.7,14,pre-lay,0,0,0.15,0.0,-0.15
F001,R001,2026-03-25T00:00:00,137,2272,1,0.044,3.566,0,0.286,0.604,0,24.9,65.0,14,pre-lay,0,0,0.14,0.0,-0.14
F001,R001,2026-03-26T00:00:00,138,2270,2,0.088,3.492,0,0.302,0.605,0,24.5,65.2,14,pre-lay,0,0,0.15,0.0,-0.15
F001,R001,2026-03-27T00:00:00,139,2269,1,0.044,3.615,0.123,0.293,0.612,2.38,23.7,58.7,14,pre-lay,0,0,0.15,0.0,-0.15
F001,R002,2025-11-08T00:00:00,0,2259,2,0.089,0.035,0,0.004,0.008,0,31.6,65.7,24,starter,0,0,0.0,0.0,0.0
F001,R002,2025-11-09T00:00:00,1,2255,4,0.177,0.041,0.006,0.005,0.01,0.83,30.4,63.0,24,starter,0,0,0.0,0.0,0.0
F001,R002,2025-11-10T00:00:00,2,2251,4,0.178,0.058,0.017,0.008,0.016,0.47,29.4,67.8,24,starter,0,0,0.0,0.0,0.0
F001,R002,2025-11-11T00:00:00,3,2249,2,0.089,0.077,0.019,0.009,0.018,0.47,30.5,65.5,24,starter,0,0,0.0,0.0,0.0
F001,R002,2025-11-12T00:00:00,4,2245,4,0.178,0.109,0.032,0.013,0.025,0.41,29.9,59.8,24,starter,0,0,0.01,0.0,-0.01
F001,R002,2025-11-13T00:00:00,5,2243,2,0.089,0.125,0.016,0.014,0.028,0.88,29.4,67.1,24,starter,0,0,0.01,0.0,-0.01
F001,R002,2025-11-14T00:00:00,6,2242,1,0.045,0.149,0.024,0.017,0.034,0.71,29.4,68.6,24,starter,0,0,0.01,0.0,-0.01
F001,R002,2025-11-15T00:00:00,7,2242,0,0.0,0.153,0.004,0.016,0.034,4.0,29.3,64.7,24,starter,0,0,0.01,0.0,-0.01
F001,R002,2025-11-16T00:00:00,8,2242,0,0.0,0.153,0,0.014,0.03,0,28.1,61.9,24,starter,0,0,0.01,0.0,-0.01
F001,R002,2025-11-17T00:00:00,9,2242,0,0.0,0.206,0.053,0.021,0.043,0.4,28.6,59.9,24,starter,0,0,0.01,0.0,-0.01
F001,R002,2025-11-18T00:00:00,10,2240,2,0.089,0.245,0.039,0.025,0.047,0.64,28.7,67.9,24,starter,0,0,0.01,0.0,-0.01
F001,R002,2025-11-19T00:00:00,11,2240,0,0.0,0.298,0.053,0.03,0.062,0.57,28.4,63.3,24,starter,0,0,0.01,0.0,-0.01
F001,R002,2025-11-20T00:00:00,12,2238,2,0.089,0.323,0.025,0.033,0.06,1.32,26.9,65.7,24,starter,0,0,0.02,0.0,-0.02
F001,R002,2025-11-21T00:00:00,13,2238,0,0.0,0.365,0.042,0.036,0.074,0.86,27.3,66.3,24,starter,0,0,0.02,0.0,-0.02
F001,R002,2025-11-22T00:00:00,14,2237,1,0.045,0.363,0,0.035,0.065,0,27.2,61.1,24,starter,0,0,0.02,0.0,-0.02
F001,R002,2025-11-23T00:00:00,15,2236,1,0.045,0.406,0.043,0.044,0.086,1.02,26.0,68.0,24,grower,0,0,0.02,0.0,-0.02
F001,R002,2025-11-24T00:00:00,16,2236,0,0.0,0.423,0.017,0.042,0.09,2.47,25.8,66.9,24,grower,0,0,0.02,0.0,-0.02
F001,R002,2025-11-25T00:00:00,17,2236,0,0.0,0.486,0.063,0.048,0.087,0.76,25.6,64.8,24,grower,0,0,0.02,0.0,-0.02
F001,R002,2025-11-26T00:00:00,18,2235,1,0.045,0.561,0.075,0.056,0.104,0.75,24.9,65.5,24,grower,0,0,0.03,0.0,-0.03
F001,R002,2025-11-27T00:00:00,19,2235,0,0.0,0.599,0.038,0.062,0.117,1.63,25.7,68.1,24,grower,0,0,0.03,0.0,-0.03
F001,R002,2025-11-28T00:00:00,20,2233,2,0.09,0.681,0.082,0.073,0.142,0.89,24.6,59.9,24,grower,0,0,0.04,0.0,-0.04
F001,R002,2025-11-29T00:00:00,21,2233,0,0.0,0.679,0,0.07,0.139,0,23.7,62.5,24,grower,0,0,0.04,0.0,-0.04
F001,R002,2025-11-30T00:00:00,22,2231,2,0.09,0.734,0.055,0.069,0.13,1.25,24.8,62.6,20,grower,0,0,0.03,0.0,-0.03
F001,R002,2025-12-01T00:00:00,23,2229,2,0.09,0.783,0.049,0.085,0.182,1.73,23.8,67.4,20,grower,0,0,0.04,0.0,-0.04
F001,R002,2025-12-02T00:00:00,24,2228,1,0.045,0.848,0.065,0.088,0.182,1.35,24.2,63.0,20,grower,0,0,0.04,0.0,-0.04
F001,R002,2025-12-03T00:00:00,25,2227,1,0.045,0.919,0.071,0.094,0.198,1.32,24.7,67.0,20,grower,0,0,0.05,0.0,-0.05
F001,R002,2025-12-04T00:00:00,26,2226,1,0.045,1.003,0.084,0.11,0.199,1.31,24.3,62.2,20,grower,0,0,0.06,0.0,-0.06
F001,R002,2025-12-05T00:00:00,27,2224,2,0.09,1.055,0.052,0.108,0.232,2.08,24.4,64.2,20,grower,0,0,0.05,0.0,-0.05
F001,R002,2025-12-06T00:00:00,28,2223,1,0.045,1.093,0.038,0.082,0.163,2.16,25.0,68.2,20,grower,0,0,0.04,0.0,-0.04
F001,R002,2025-12-07T00:00:00,29,2223,0,0.0,1.09,0,0.091,0.197,0,24.6,66.7,20,grower,0,0,0.05,0.0,-0.05
F001,R002,2025-12-08T00:00:00,30,2221,2,0.09,1.182,0.092,0.1,0.189,1.09,23.8,65.4,20,grower,0,0,0.05,0.0,-0.05
F001,R002,2025-12-09T00:00:00,31,2221,0,0.0,1.241,0.059,0.103,0.226,1.75,23.2,66.0,20,grower,0,0,0.05,0.0,-0.05
F001,R002,2025-12-10T00:00:00,32,2220,1,0.045,1.361,0.12,0.111,0.203,0.93,23.5,67.0,20,grower,0,0,0.06,0.0,-0.06
F001,R002,2025-12-11T00:00:00,33,2219,1,0.045,1.41,0.049,0.106,0.219,2.16,23.4,60.9,20,grower,0,0,0.05,0.0,-0.05
F001,R002,2025-12-12T00:00:00,34,2219,0,0.0,1.502,0.092,0.111,0.239,1.21,24.6,62.3,20,grower,0,0,0.06,0.0,-0.06
F001,R002,2025-12-13T00:00:00,35,2217,2,0.09,1.554,0.052,0.134,0.252,2.58,24.2,66.6,20,grower,0,0,0.07,0.0,-0.07
F001,R002,2025-12-14T00:00:00,36,2215,2,0.09,1.557,0.003,0.113,0.241,10,23.8,62.8,20,grower,0,0,0.06,0.0,-0.06
F001,R002,2025-12-15T00:00:00,37,2215,0,0.0,1.616,0.059,0.139,0.288,2.36,23.7,60.3,20,grower,0,0,0.07,0.0,-0.07
F001,R002,2025-12-16T00:00:00,38,2214,1,0.045,1.648,0.032,0.133,0.281,4.16,23.7,62.4,20,grower,0,0,0.07,0.0,-0.07
F001,R002,2025-12-17T00:00:00,39,2213,1,0.045,1.734,0.086,0.126,0.259,1.47,24.0,66.0,20,grower,0,0,0.06,0.0,-0.06
F001,R002,2025-12-18T00:00:00,40,2213,0,0.0,1.807,0.073,0.132,0.28,1.81,23.4,63.9,20,grower,0,0,0.07,0.0,-0.07
F001,R002,2025-12-19T00:00:00,41,2213,0,0.0,1.836,0.029,0.154,0.329,5.31,23.0,67.7,20,grower,0,0,0.08,0.0,-0.08
F001,R002,2025-12-20T00:00:00,42,2212,1,0.045,1.862,0.026,0.136,0.267,5.23,23.8,61.4,20,grower,0,0,0.07,0.0,-0.07
F001,R002,2025-12-21T00:00:00,43,2211,1,0.045,1.962,0.1,0.154,0.333,1.54,23.1,64.0,20,grower,0,0,0.08,0.0,-0.08
F001,R002,2025-12-22T00:00:00,44,2210,1,0.045,1.857,0,0.141,0.263,0,23.1,66.8,20,grower,0,0,0.07,0.0,-0.07
F001,R002,2025-12-23T00:00:00,45,2210,0,0.0,1.917,0.06,0.151,0.287,2.52,23.7,62.1,20,grower,0,0,0.08,0.0,-0.08
F001,R002,2025-12-24T00:00:00,46,2209,1,0.045,1.962,0.045,0.149,0.328,3.31,23.7,65.8,20,grower,0,0,0.07,0.0,-0.07
F001,R002,2025-12-25T00:00:00,47,2207,2,0.091,2.054,0.092,0.167,0.324,1.82,23.9,66.0,20,grower,0,0,0.08,0.0,-0.08
F001,R002,2025-12-26T00:00:00,48,2207,0,0.0,2.107,0.053,0.183,0.341,3.45,24.7,59.4,20,grower,0,0,0.09,0.0,-0.09
F001,R002,2025-12-27T00:00:00,49,2205,2,0.091,2.061,0,0.152,0.306,0,23.7,64.0,20,grower,0,0,0.08,0.0,-0.08
F001,R002,2025-12-28T00:00:00,50,2204,1,0.045,2.063,0.002,0.162,0.292,10,23.3,62.5,20,grower,0,0,0.08,0.0,-0.08
F001,R002,2025-12-29T00:00:00,51,2204,0,0.0,2.092,0.029,0.172,0.371,5.93,23.4,59.2,20,grower,0,0,0.09,0.0,-0.09
F001,R002,2025-12-30T00:00:00,52,2203,1,0.045,2.089,0,0.168,0.326,0,23.9,59.5,20,grower,0,0,0.08,0.0,-0.08
F001,R002,2025-12-31T00:00:00,53,2203,0,0.0,2.093,0.004,0.17,0.333,10,23.6,67.1,20,grower,0,0,0.09,0.0,-0.09
F001,R002,2026-01-01T00:00:00,54,2202,1,0.045,2.202,0.109,0.171,0.363,1.57,24.6,59.2,20,grower,0,0,0.09,0.0,-0.09
F001,R002,2026-01-02T00:00:00,55,2202,0,0.0,2.243,0.041,0.196,0.355,4.78,23.6,65.3,20,grower,0,0,0.1,0.0,-0.1
F001,R002,2026-01-03T00:00:00,56,2201,1,0.045,2.199,0,0.168,0.321,0,24.3,66.4,20,grower,0,0,0.08,0.0,-0.08
F001,R002,2026-01-04T00:00:00,57,2200,1,0.045,2.149,0,0.172,0.358,0,24.4,59.3,20,developer,0,0,0.09,0.0,-0.09
F001,R002,2026-01-05T00:00:00,58,2198,2,0.091,2.116,0,0.185,0.388,0,23.8,65.5,20,developer,0,0,0.09,0.0,-0.09
F001,R002,2026-01-06T00:00:00,59,2198,0,0.0,2.198,0.082,0.165,0.304,2.01,23.7,65.7,20,developer,0,0,0.08,0.0,-0.08
F001,R002,2026-01-07T00:00:00,60,2197,1,0.046,2.245,0.047,0.162,0.336,3.45,23.6,65.6,20,developer,0,0,0.08,0.0,-0.08
F001,R002,2026-01-08T00:00:00,61,2196,1,0.046,2.355,0.11,0.17,0.367,1.55,24.7,68.3,20,developer,0,0,0.09,0.0,-0.09
F001,R002,2026-01-09T00:00:00,62,2195,1,0.046,2.279,0,0.197,0.375,0,24.7,59.6,20,developer,0,0,0.1,0.0,-0.1
F001,R002,2026-01-10T00:00:00,63,2194,1,0.046,2.356,0.077,0.206,0.425,2.68,24.3,68.1,20,developer,0,0,0.1,0.0,-0.1
F001,R002,2026-01-11T00:00:00,64,2192,2,0.091,2.347,0,0.189,0.409,0,24.1,62.2,20,developer,0,0,0.09,0.0,-0.09
F001,R002,2026-01-12T00:00:00,65,2190,2,0.091,2.343,0,0.176,0.368,0,24.0,66.3,20,developer,0,0,0.09,0.0,-0.09
F001,R002,2026-01-13T00:00:00,66,2189,1,0.046,2.398,0.055,0.196,0.359,3.56,23.2,60.7,20,developer,0,0,0.1,0.0,-0.1
F001,R002,2026-01-14T00:00:00,67,2187,2,0.091,2.544,0.146,0.199,0.368,1.36,24.5,59.8,20,developer,0,0,0.1,0.0,-0.1
F001,R002,2026-01-15T00:00:00,68,2187,0,0.0,2.469,0,0.207,0.385,0,24.6,59.2,20,developer,0,0,0.1,0.0,-0.1
F001,R002,2026-01-16T00:00:00,69,2186,1,0.046,2.432,0,0.208,0.434,0,24.1,62.9,20,developer,0,0,0.1,0.0,-0.1
F001,R002,2026-01-17T00:00:00,70,2186,0,0.0,2.556,0.124,0.204,0.415,1.65,23.6,63.0,20,developer,0,0,0.1,0.0,-0.1
F001,R002,2026-01-18T00:00:00,71,2185,1,0.046,2.508,0,0.203,0.418,0,24.2,60.0,16,developer,0,0,0.1,0.0,-0.1
F001,R002,2026-01-19T00:00:00,72,2183,2,0.092,2.479,0,0.193,0.382,0,23.9,59.4,16,developer,0,0,0.1,0.0,-0.1
F001,R002,2026-01-20T00:00:00,73,2181,2,0.092,2.529,0.05,0.19,0.403,3.8,23.2,61.5,16,developer,0,0,0.1,0.0,-0.1
F001,R002,2026-01-21T00:00:00,74,2179,2,0.092,2.545,0.016,0.217,0.408,10,23.1,60.1,16,developer,0,0,0.11,0.0,-0.11
F001,R002,2026-01-22T00:00:00,75,2178,1,0.046,2.531,0,0.189,0.376,0,23.8,59.7,16,developer,0,0,0.09,0.0,-0.09
F001,R002,2026-01-23T00:00:00,76,2177,1,0.046,2.536,0.005,0.183,0.359,10,24.3,67.2,16,developer,0,0,0.09,0.0,-0.09
F001,R002,2026-01-24T00:00:00,77,2177,0,0.0,2.691,0.155,0.207,0.415,1.34,24.1,60.4,16,developer,0,0,0.1,0.0,-0.1
F001,R002,2026-01-25T00:00:00,78,2176,1,0.046,2.808,0.117,0.235,0.49,2.01,23.7,62.8,16,developer,0,0,0.12,0.0,-0.12
F001,R002,2026-01-26T00:00:00,79,2176,0,0.0,2.827,0.019,0.241,0.476,10,25.0,67.6,16,developer,0,0,0.12,0.0,-0.12
F001,R002,2026-01-27T00:00:00,80,2174,2,0.092,2.798,0,0.221,0.416,0,23.1,65.6,16,developer,0,0,0.11,0.0,-0.11
F001,R002,2026-01-28T00:00:00,81,2172,2,0.092,2.779,0,0.242,0.516,0,23.5,62.9,16,developer,0,0,0.12,0.0,-0.12
F001,R002,2026-01-29T00:00:00,82,2172,0,0.0,2.824,0.045,0.206,0.426,4.58,24.0,63.0,16,developer,0,0,0.1,0.0,-0.1
F001,R002,2026-01-30T00:00:00,83,2171,1,0.046,2.75,0,0.227,0.444,0,24.0,62.1,16,developer,0,0,0.11,0.0,-0.11
F001,R002,2026-01-31T00:00:00,84,2170,1,0.046,2.849,0.099,0.236,0.439,2.38,24.6,59.2,16,developer,0,0,0.12,0.0,-0.12
F001,R002,2026-02-01T00:00:00,85,2168,2,0.092,2.825,0,0.246,0.5,0,23.7,59.1,16,developer,0,0,0.12,0.0,-0.12
F001,R002,2026-02-02T00:00:00,86,2166,2,0.092,2.926,0.101,0.226,0.496,2.24,24.0,64.9,16,developer,0,0,0.11,0.0,-0.11
F001,R002,2026-02-03T00:00:00,87,2165,1,0.046,2.821,0,0.227,0.492,0,24.9,61.7,16,developer,0,0,0.11,0.0,-0.11
F001,R002,2026-02-04T00:00:00,88,2165,0,0.0,2.786,0,0.213,0.439,0,23.7,61.9,16,developer,0,0,0.11,0.0,-0.11
F001,R002,2026-02-05T00:00:00,89,2164,1,0.046,2.834,0.048,0.212,0.447,4.42,23.3,66.9,16,developer,0,0,0.11,0.0,-0.11
F001,R002,2026-02-06T00:00:00,90,2164,0,0.0,2.861,0.027,0.218,0.44,8.07,24.2,59.7,16,developer,0,0,0.11,0.0,-0.11
F001,R002,2026-02-07T00:00:00,91,2164,0,0.0,2.937,0.076,0.227,0.441,2.99,24.1,64.9,16,developer,0,0,0.11,0.0,-0.11
F001,R002,2026-02-08T00:00:00,92,2162,2,0.093,2.906,0,0.252,0.487,0,25.0,63.0,16,developer,0,0,0.13,0.0,-0.13
F001,R002,2026-02-09T00:00:00,93,2160,2,0.093,3.008,0.102,0.255,0.55,2.5,23.2,68.7,16,developer,0,0,0.13,0.0,-0.13
F001,R002,2026-02-10T00:00:00,94,2158,2,0.093,2.994,0,0.25,0.485,0,24.3,62.4,16,developer,0,0,0.12,0.0,-0.12
F001,R002,2026-02-11T00:00:00,95,2158,0,0.0,2.853,0,0.214,0.441,0,23.2,60.5,16,developer,0,0,0.11,0.0,-0.11
F001,R002,2026-02-12T00:00:00,96,2158,0,0.0,2.992,0.139,0.24,0.513,1.73,23.2,68.4,16,developer,0,0,0.12,0.0,-0.12
F001,R002,2026-02-13T00:00:00,97,2157,1,0.046,2.939,0,0.246,0.46,0,23.8,62.2,16,developer,0,0,0.12,0.0,-0.12
F001,R002,2026-02-14T00:00:00,98,2155,2,0.093,2.898,0,0.222,0.415,0,24.9,59.8,16,developer,0,0,0.11,0.0,-0.11
F001,R002,2026-02-15T00:00:00,99,2154,1,0.046,2.89,0,0.22,0.397,0,23.2,59.4,16,developer,0,0,0.11,0.0,-0.11
F001,R002,2026-02-16T00:00:00,100,2153,1,0.046,2.932,0.042,0.253,0.556,6.02,23.3,68.3,16,developer,0,0,0.13,0.0,-0.13
F001,R002,2026-02-17T00:00:00,101,2152,1,0.046,2.977,0.045,0.24,0.495,5.33,24.5,64.2,16,developer,0,0,0.12,0.0,-0.12
F001,R002,2026-02-18T00:00:00,102,2151,1,0.046,3.071,0.094,0.229,0.447,2.44,25.0,60.2,16,developer,0,0,0.11,0.0,-0.11
F001,R002,2026-02-19T00:00:00,103,2151,0,0.0,3.113,0.042,0.228,0.425,5.43,23.3,68.7,16,developer,0,0,0.11,0.0,-0.11
F001,R002,2026-02-20T00:00:00,104,2150,1,0.047,3.092,0,0.244,0.524,0,24.0,59.8,16,developer,0,0,0.12,0.0,-0.12
F001,R002,2026-02-21T00:00:00,105,2149,1,0.047,3.171,0.079,0.237,0.519,3.0,23.8,66.0,16,developer,0,0,0.12,0.0,-0.12
F001,R002,2026-02-22T00:00:00,106,2147,2,0.093,3.158,0,0.255,0.497,0,24.0,59.2,16,developer,0,0,0.13,0.0,-0.13
F001,R002,2026-02-23T00:00:00,107,2146,1,0.047,3.015,0,0.221,0.453,0,24.6,62.2,16,developer,0,0,0.11,0.0,-0.11
F001,R002,2026-02-24T00:00:00,108,2145,1,0.047,3.257,0.242,0.256,0.511,1.06,23.8,67.0,16,developer,0,0,0.13,0.0,-0.13
F001,R002,2026-02-25T00:00:00,109,2143,2,0.093,3.273,0.016,0.265,0.58,10,23.0,66.7,16,developer,0,0,0.13,0.0,-0.13
F001,R002,2026-02-26T00:00:00,110,2142,1,0.047,3.191,0,0.24,0.452,0,23.4,67.9,16,developer,0,0,0.12,0.0,-0.12
F001,R002,2026-02-27T00:00:00,111,2141,1,0.047,3.339,0.148,0.277,0.57,1.87,23.9,62.5,16,developer,0,0,0.14,0.0,-0.14
F001,R002,2026-02-28T00:00:00,112,2140,1,0.047,3.246,0,0.277,0.523,0,23.4,65.6,16,developer,0,0,0.14,0.0,-0.14
F001,R002,2026-03-01T00:00:00,113,2139,1,0.047,3.388,0.142,0.264,0.561,1.86,23.7,67.7,16,pre-lay,0,0,0.13,0.0,-0.13
F001,R002,2026-03-02T00:00:00,114,2137,2,0.094,3.187,0,0.249,0.488,0,24.2,60.3,16,pre-lay,0,0,0.12,0.0,-0.12
F001,R002,2026-03-03T00:00:00,115,2137,0,0.0,3.232,0.045,0.266,0.561,5.91,23.2,60.9,16,pre-lay,0,0,0.13,0.0,-0.13
F001,R002,2026-03-04T00:00:00,116,2137,0,0.0,3.322,0.09,0.261,0.524,2.9,23.8,66.0,16,pre-lay,0,0,0.13,0.0,-0.13
F001,R002,2026-03-05T00:00:00,117,2135,2,0.094,3.196,0,0.234,0.48,0,23.6,67.5,16,pre-lay,0,0,0.12,0.0,-0.12
F001,R002,2026-03-06T00:00:00,118,2133,2,0.094,3.253,0.057,0.249,0.492,4.37,23.9,63.9,16,pre-lay,0,0,0.12,0.0,-0.12
F001,R002,2026-03-07T00:00:00,119,2131,2,0.094,3.329,0.076,0.279,0.583,3.67,24.1,66.4,16,pre-lay,0,0,0.14,0.0,-0.14
F001,R002,2026-03-08T00:00:00,120,2130,1,0.047,3.514,0.185,0.27,0.533,1.46,24.4,65.5,16,pre-lay,0,0,0.14,0.0,-0.14
F001,R002,2026-03-09T00:00:00,121,2128,2,0.094,3.363,0,0.246,0.452,0,23.9,61.6,16,pre-lay,0,0,0.12,0.0,-0.12
F001,R002,2026-03-10T00:00:00,122,2127,1,0.047,3.453,0.09,0.278,0.52,3.09,23.2,65.6,16,pre-lay,0,0,0.14,0.0,-0.14
F001,R002,2026-03-11T00:00:00,123,2126,1,0.047,3.24,0,0.276,0.536,0,23.8,64.4,16,pre-lay,0,0,0.14,0.0,-0.14
F001,R002,2026-03-12T00:00:00,124,2125,1,0.047,3.424,0.184,0.296,0.547,1.61,24.6,67.3,16,pre-lay,0,0,0.15,0.0,-0.15
F001,R002,2026-03-13T00:00:00,125,2123,2,0.094,3.409,0,0.262,0.517,0,23.6,65.9,16,pre-lay,0,0,0.13,0.0,-0.13
F001,R002,2026-03-14T00:00:00,126,2122,1,0.047,3.287,0,0.246,0.467,0,24.4,61.9,16,pre-lay,0,0,0.12,0.0,-0.12
F001,R002,2026-03-15T00:00:00,127,2121,1,0.047,3.477,0.19,0.295,0.614,1.55,24.5,65.9,14,pre-lay,0,0,0.15,0.0,-0.15
F001,R002,2026-03-16T00:00:00,128,2119,2,0.094,3.308,0,0.288,0.535,0,23.4,61.6,14,pre-lay,0,0,0.14,0.0,-0.14
F001,R002,2026-03-17T00:00:00,129,2118,1,0.047,3.334,0.026,0.262,0.559,10,24.1,61.5,14,pre-lay,0,0,0.13,0.0,-0.13
F001,R002,2026-03-18T00:00:00,130,2117,1,0.047,3.463,0.129,0.279,0.528,2.16,23.1,63.7,14,pre-lay,0,0,0.14,0.0,-0.14
F001,R002,2026-03-19T00:00:00,131,2116,1,0.047,3.437,0,0.254,0.538,0,23.8,66.7,14,pre-lay,0,0,0.13,0.0,-0.13
F001,R002,2026-03-20T00:00:00,132,2114,2,0.095,3.511,0.074,0.267,0.503,3.61,24.4,66.8,14,pre-lay,0,0,0.13,0.0,-0.13
F001,R002,2026-03-21T00:00:00,133,2112,2,0.095,3.555,0.044,0.268,0.575,6.09,24.5,65.9,14,pre-lay,0,0,0.13,0.0,-0.13
F001,R002,2026-03-22T00:00:00,134,2111,1,0.047,3.505,0,0.292,0.596,0,24.2,63.4,14,pre-lay,0,0,0.15,0.0,-0.15
F001,R002,2026-03-23T00:00:00,135,2109,2,0.095,3.559,0.054,0.264,0.501,4.89,23.2,62.0,14,pre-lay,0,0,0.13,0.0,-0.13
F001,R002,2026-03-24T00:00:00,136,2107,2,0.095,3.609,0.05,0.316,0.641,6.32,23.9,60.6,14,pre-lay,0,0,0.16,0.0,-0.16
F001,R002,2026-03-25T00:00:00,137,2106,1,0.047,3.665,0.056,0.302,0.648,5.39,23.1,61.9,14,pre-lay,0,0,0.15,0.0,-0.15
F001,R002,2026-03-26T00:00:00,138,2104,2,0.095,3.596,0,0.262,0.527,0,24.8,59.6,14,pre-lay,0,0,0.13,0.0,-0.13
F001,R002,2026-03-27T00:00:00,139,2103,1,0.048,3.698,0.102,0.282,0.614,2.76,23.2,66.8,14,pre-lay,0,0,0.14,0.0,-0.14
F001,R003,2025-11-08T00:00:00,0,2022,3,0.148,0.035,0,0.005,0.01,0,31.3,64.1,24,starter,0,0,0.0,0.0,0.0
F001,R003,2025-11-09T00:00:00,1,2022,0,0.0,0.04,0.005,0.004,0.007,0.8,30.0,66.1,24,starter,0,0,0.0,0.0,0.0
F001,R003,2025-11-10T00:00:00,2,2020,2,0.099,0.058,0.018,0.007,0.013,0.39,30.5,69.9,24,starter,0,0,0.0,0.0,0.0
F001,R003,2025-11-11T00:00:00,3,2018,2,0.099,0.08,0.022,0.01,0.02,0.45,30.1,61.1,24,starter,0,0,0.01,0.0,-0.01
F001,R003,2025-11-12T00:00:00,4,2016,2,0.099,0.104,0.024,0.013,0.026,0.54,28.5,68.1,24,starter,0,0,0.01,0.0,-0.01
F001,R003,2025-11-13T00:00:00,5,2014,2,0.099,0.123,0.019,0.014,0.028,0.74,29.6,64.4,24,starter,0,0,0.01,0.0,-0.01
F001,R003,2025-11-14T00:00:00,6,2011,3,0.149,0.144,0.021,0.017,0.033,0.81,29.7,67.9,24,starter,0,0,0.01,0.0,-0.01
F001,R003,2025-11-15T00:00:00,7,2009,2,0.1,0.151,0.007,0.016,0.029,2.29,28.5,64.1,24,starter,0,0,0.01,0.0,-0.01
F001,R003,2025-11-16T00:00:00,8,2008,1,0.05,0.16,0.009,0.016,0.034,1.78,27.6,67.2,24,starter,0,0,0.01,0.0,-0.01
F001,R003,2025-11-17T00:00:00,9,2007,1,0.05,0.193,0.033,0.018,0.036,0.55,27.5,62.2,24,starter,0,0,0.01,0.0,-0.01
F001,R003,2025-11-18T00:00:00,10,2007,0,0.0,0.242,0.049,0.023,0.049,0.47,27.8,70.2,24,starter,0,0,0.01,0.0,-0.01
F001,R003,2025-11-19T00:00:00,11,2006,1,0.05,0.286,0.044,0.026,0.051,0.59,27.1,62.0,24,starter,0,0,0.01,0.0,-0.01
F001,R003,2025-11-20T00:00:00,12,2006,0,0.0,0.331,0.045,0.036,0.075,0.8,27.0,65.9,24,starter,0,0,0.02,0.0,-0.02
F001,R003,2025-11-21T00:00:00,13,2006,0,0.0,0.363,0.032,0.038,0.074,1.19,26.5,61.6,24,starter,0,0,0.02,0.0,-0.02
F001,R003,2025-11-22T00:00:00,14,2005,1,0.05,0.377,0.014,0.04,0.084,2.86,27.0,64.4,24,starter,0,0,0.02,0.0,-0.02
F001,R003,2025-11-23T00:00:00,15,2005,0,0.0,0.38,0.003,0.04,0.082,10,25.3,69.2,24,grower,0,0,0.02,0.0,-0.02
F001,R003,2025-11-24T00:00:00,16,2004,1,0.05,0.448,0.068,0.04,0.083,0.59,25.9,65.0,24,grower,0,0,0.02,0.0,-0.02
F001,R003,2025-11-25T00:00:00,17,2002,2,0.1,0.487,0.039,0.05,0.091,1.28,24.7,65.7,24,grower,0,0,0.03,0.0,-0.03
F001,R003,2025-11-26T00:00:00,18,2001,1,0.05,0.569,0.082,0.051,0.104,0.62,25.2,68.6,24,grower,0,0,0.03,0.0,-0.03
F001,R003,2025-11-27T00:00:00,19,1999,2,0.1,0.619,0.05,0.063,0.136,1.26,25.5,63.4,24,grower,0,0,0.03,0.0,-0.03
F001,R003,2025-11-28T00:00:00,20,1999,0,0.0,0.659,0.04,0.069,0.139,1.73,25.4,65.5,24,grower,0,0,0.03,0.0,-0.03
F001,R003,2025-11-29T00:00:00,21,1998,1,0.05,0.697,0.038,0.073,0.16,1.92,24.6,62.7,24,grower,0,0,0.04,0.0,-0.04
F001,R003,2025-11-30T00:00:00,22,1998,0,0.0,0.714,0.017,0.065,0.12,3.82,23.3,61.5,20,grower,0,0,0.03,0.0,-0.03
F001,R003,2025-12-01T00:00:00,23,1997,1,0.05,0.772,0.058,0.084,0.155,1.45,24.5,66.9,20,grower,0,0,0.04,0.0,-0.04
F001,R003,2025-12-02T00:00:00,24,1996,1,0.05,0.838,0.066,0.087,0.163,1.32,24.7,66.0,20,grower,0,0,0.04,0.0,-0.04
F001,R003,2025-12-03T00:00:00,25,1994,2,0.1,0.986,0.148,0.095,0.198,0.64,24.1,68.4,20,grower,0,0,0.05,0.0,-0.05
F001,R003,2025-12-04T00:00:00,26,1993,1,0.05,1.026,0.04,0.093,0.183,2.32,23.3,69.0,20,grower,0,0,0.05,0.0,-0.05
F001,R003,2025-12-05T00:00:00,27,1992,1,0.05,1.061,0.035,0.107,0.2,3.06,24.0,69.6,20,grower,0,0,0.05,0.0,-0.05
F001,R003,2025-12-06T00:00:00,28,1991,1,0.05,1.073,0.012,0.092,0.186,7.67,23.7,67.2,20,grower,0,0,0.05,0.0,-0.05
F001,R003,2025-12-07T00:00:00,29,1989,2,0.101,1.117,0.044,0.09,0.173,2.05,24.6,63.6,20,grower,0,0,0.04,0.0,-0.04
F001,R003,2025-12-08T00:00:00,30,1989,0,0.0,1.186,0.069,0.091,0.189,1.32,23.2,62.8,20,grower,0,0,0.05,0.0,-0.05
F001,R003,2025-12-09T00:00:00,31,1989,0,0.0,1.273,0.087,0.094,0.204,1.08,24.6,69.8,20,grower,0,0,0.05,0.0,-0.05
F001,R003,2025-12-10T00:00:00,32,1988,1,0.05,1.343,0.07,0.117,0.255,1.67,23.3,69.4,20,grower,0,0,0.06,0.0,-0.06
F001,R003,2025-12-11T00:00:00,33,1988,0,0.0,1.397,0.054,0.117,0.235,2.17,23.5,61.3,20,grower,0,0,0.06,0.0,-0.06
F001,R003,2025-12-12T00:00:00,34,1986,2,0.101,1.469,0.072,0.117,0.212,1.63,24.3,68.5,20,grower,0,0,0.06,0.0,-0.06
F001,R003,2025-12-13T00:00:00,35,1985,1,0.05,1.499,0.03,0.122,0.255,4.07,24.9,62.6,20,grower,0,0,0.06,0.0,-0.06
F001,R003,2025-12-14T00:00:00,36,1985,0,0.0,1.503,0.004,0.129,0.271,10,23.4,66.3,20,grower,0,0,0.06,0.0,-0.06
F001,R003,2025-12-15T00:00:00,37,1984,1,0.05,1.588,0.085,0.119,0.229,1.4,23.5,70.5,20,grower,0,0,0.06,0.0,-0.06
F001,R003,2025-12-16T00:00:00,38,1983,1,0.05,1.645,0.057,0.134,0.258,2.35,24.5,61.5,20,grower,0,0,0.07,0.0,-0.07
F001,R003,2025-12-17T00:00:00,39,1982,1,0.05,1.663,0.018,0.143,0.269,7.94,23.5,71.0,20,grower,0,0,0.07,0.0,-0.07
F001,R003,2025-12-18T00:00:00,40,1982,0,0.0,1.897,0.234,0.152,0.31,0.65,24.3,63.9,20,grower,0,0,0.08,0.0,-0.08
F001,R003,2025-12-19T00:00:00,41,1981,1,0.05,1.858,0,0.159,0.318,0,23.3,61.5,20,grower,0,0,0.08,0.0,-0.08
F001,R003,2025-12-20T00:00:00,42,1981,0,0.0,1.903,0.045,0.157,0.325,3.49,23.3,66.1,20,grower,0,0,0.08,0.0,-0.08
F001,R003,2025-12-21T00:00:00,43,1980,1,0.051,1.916,0.013,0.143,0.285,10,24.6,65.6,20,grower,0,0,0.07,0.0,-0.07
F001,R003,2025-12-22T00:00:00,44,1978,2,0.101,1.947,0.031,0.142,0.272,4.58,23.2,64.4,20,grower,0,0,0.07,0.0,-0.07
F001,R003,2025-12-23T00:00:00,45,1978,0,0.0,1.969,0.022,0.153,0.331,6.95,24.7,61.0,20,grower,0,0,0.08,0.0,-0.08
F001,R003,2025-12-24T00:00:00,46,1977,1,0.051,2.006,0.037,0.145,0.268,3.92,24.4,65.6,20,grower,0,0,0.07,0.0,-0.07
F001,R003,2025-12-25T00:00:00,47,1975,2,0.101,1.977,0,0.163,0.322,0,23.6,69.0,20,grower,0,0,0.08,0.0,-0.08
F001,R003,2025-12-26T00:00:00,48,1974,1,0.051,2.055,0.078,0.153,0.294,1.96,24.4,69.9,20,grower,0,0,0.08,0.0,-0.08
F001,R003,2025-12-27T00:00:00,49,1974,0,0.0,2.067,0.012,0.149,0.278,10,24.6,70.6,20,grower,0,0,0.07,0.0,-0.07
F001,R003,2025-12-28T00:00:00,50,1973,1,0.051,2.08,0.013,0.17,0.352,10,24.1,63.2,20,grower,0,0,0.09,0.0,-0.09
F001,R003,2025-12-29T00:00:00,51,1972,1,0.051,2.056,0,0.15,0.278,0,24.0,70.1,20,grower,0,0,0.07,0.0,-0.07
F001,R003,2025-12-30T00:00:00,52,1971,1,0.051,2.148,0.092,0.185,0.367,2.01,23.6,65.8,20,grower,0,0,0.09,0.0,-0.09
F001,R003,2025-12-31T00:00:00,53,1970,1,0.051,2.204,0.056,0.159,0.309,2.84,24.3,63.3,20,grower,0,0,0.08,0.0,-0.08
F001,R003,2026-01-01T00:00:00,54,1970,0,0.0,2.193,0,0.178,0.356,0,24.6,66.3,20,grower,0,0,0.09,0.0,-0.09
F001,R003,2026-01-02T00:00:00,55,1968,2,0.102,2.24,0.047,0.19,0.39,4.04,23.7,63.3,20,grower,0,0,0.1,0.0,-0.1
F001,R003,2026-01-03T00:00:00,56,1966,2,0.102,2.118,0,0.175,0.339,0,24.5,66.9,20,grower,0,0,0.09,0.0,-0.09
F001,R003,2026-01-04T00:00:00,57,1965,1,0.051,2.213,0.095,0.164,0.324,1.73,23.9,62.2,20,developer,0,0,0.08,0.0,-0.08
F001,R003,2026-01-05T00:00:00,58,1965,0,0.0,2.338,0.125,0.193,0.398,1.54,25.0,61.1,20,developer,0,0,0.1,0.0,-0.1
F001,R003,2026-01-06T00:00:00,59,1965,0,0.0,2.318,0,0.18,0.341,0,23.2,68.2,20,developer,0,0,0.09,0.0,-0.09
F001,R003,2026-01-07T00:00:00,60,1963,2,0.102,2.184,0,0.18,0.356,0,23.9,69.6,20,developer,0,0,0.09,0.0,-0.09
F001,R003,2026-01-08T00:00:00,61,1962,1,0.051,2.348,0.164,0.205,0.429,1.25,23.5,64.5,20,developer,0,0,0.1,0.0,-0.1
F001,R003,2026-01-09T00:00:00,62,1962,0,0.0,2.318,0,0.199,0.421,0,24.2,63.1,20,developer,0,0,0.1,0.0,-0.1
F001,R003,2026-01-10T00:00:00,63,1962,0,0.0,2.294,0,0.192,0.375,0,23.0,65.6,20,developer,0,0,0.1,0.0,-0.1
F001,R003,2026-01-11T00:00:00,64,1961,1,0.051,2.282,0,0.169,0.34,0,23.9,67.4,20,developer,0,0,0.08,0.0,-0.08
F001,R003,2026-01-12T00:00:00,65,1959,2,0.102,2.391,0.109,0.18,0.335,1.65,23.7,65.1,20,developer,0,0,0.09,0.0,-0.09
F001,R003,2026-01-13T00:00:00,66,1958,1,0.051,2.414,0.023,0.208,0.381,9.04,23.8,64.8,20,developer,0,0,0.1,0.0,-0.1
F001,R003,2026-01-14T00:00:00,67,1957,1,0.051,2.402,0,0.184,0.385,0,24.8,61.8,20,developer,0,0,0.09,0.0,-0.09
F001,R003,2026-01-15T00:00:00,68,1956,1,0.051,2.374,0,0.171,0.372,0,24.1,62.4,20,developer,0,0,0.09,0.0,-0.09
F001,R003,2026-01-16T00:00:00,69,1955,1,0.051,2.528,0.154,0.197,0.357,1.28,24.0,68.9,20,developer,0,0,0.1,0.0,-0.1
F001,R003,2026-01-17T00:00:00,70,1954,1,0.051,2.46,0,0.191,0.413,0,24.5,64.5,20,developer,0,0,0.1,0.0,-0.1
F001,R003,2026-01-18T00:00:00,71,1954,0,0.0,2.467,0.007,0.207,0.448,10,24.7,64.6,16,developer,0,0,0.1,0.0,-0.1
F001,R003,2026-01-19T00:00:00,72,1952,2,0.102,2.624,0.157,0.228,0.424,1.45,23.5,62.8,16,developer,0,0,0.11,0.0,-0.11
F001,R003,2026-01-20T00:00:00,73,1951,1,0.051,2.566,0,0.21,0.45,0,24.3,70.6,16,developer,0,0,0.1,0.0,-0.1
F001,R003,2026-01-21T00:00:00,74,1950,1,0.051,2.46,0,0.211,0.423,0,24.3,70.6,16,developer,0,0,0.11,0.0,-0.11
F001,R003,2026-01-22T00:00:00,75,1948,2,0.103,2.63,0.17,0.204,0.405,1.2,23.5,67.6,16,developer,0,0,0.1,0.0,-0.1
F001,R003,2026-01-23T00:00:00,76,1948,0,0.0,2.633,0.003,0.201,0.392,10,25.0,64.9,16,developer,0,0,0.1,0.0,-0.1
F001,R003,2026-01-24T00:00:00,77,1947,1,0.051,2.752,0.119,0.212,0.382,1.78,24.2,68.4,16,developer,0,0,0.11,0.0,-0.11
F001,R003,2026-01-25T00:00:00,78,1945,2,0.103,2.68,0,0.22,0.457,0,23.2,64.0,16,developer,0,0,0.11,0.0,-0.11
F001,R003,2026-01-26T00:00:00,79,1944,1,0.051,2.717,0.037,0.232,0.473,6.27,24.8,68.6,16,developer,0,0,0.12,0.0,-0.12
F001,R003,2026-01-27T00:00:00,80,1942,2,0.103,2.829,0.112,0.224,0.419,2.0,23.3,69.7,16,developer,0,0,0.11,0.0,-0.11
F001,R003,2026-01-28T00:00:00,81,1941,1,0.052,2.824,0,0.227,0.455,0,23.3,63.7,16,developer,0,0,0.11,0.0,-0.11
F001,R003,2026-01-29T00:00:00,82,1940,1,0.052,2.716,0,0.232,0.465,0,23.7,61.1,16,developer,0,0,0.12,0.0,-0.12
F001,R003,2026-01-30T00:00:00,83,1938,2,0.103,2.704,0,0.219,0.438,0,24.1,66.8,16,developer,0,0,0.11,0.0,-0.11
F001,R003,2026-01-31T00:00:00,84,1937,1,0.052,2.844,0.14,0.21,0.451,1.5,24.1,66.0,16,developer,0,0,0.1,0.0,-0.1
F001,R003,2026-02-01T00:00:00,85,1936,1,0.052,2.846,0.002,0.218,0.455,10,23.0,67.9,16,developer,0,0,0.11,0.0,-0.11
F001,R003,2026-02-02T00:00:00,86,1935,1,0.052,2.821,0,0.212,0.406,0,24.9,69.3,16,developer,0,0,0.11,0.0,-0.11
F001,R003,2026-02-03T00:00:00,87,1935,0,0.0,2.873,0.052,0.231,0.506,4.44,23.4,61.4,16,developer,0,0,0.12,0.0,-0.12
F001,R003,2026-02-04T00:00:00,88,1934,1,0.052,2.848,0,0.23,0.443,0,24.0,65.6,16,developer,0,0,0.12,0.0,-0.12
F001,R003,2026-02-05T00:00:00,89,1933,1,0.052,2.873,0.025,0.214,0.457,8.56,24.0,67.0,16,developer,0,0,0.11,0.0,-0.11
F001,R003,2026-02-06T00:00:00,90,1932,1,0.052,2.885,0.012,0.245,0.539,10,23.6,64.2,16,developer,0,0,0.12,0.0,-0.12
F001,R003,2026-02-07T00:00:00,91,1931,1,0.052,2.775,0,0.215,0.437,0,24.2,67.3,16,developer,0,0,0.11,0.0,-0.11
F001,R003,2026-02-08T00:00:00,92,1930,1,0.052,2.886,0.111,0.23,0.428,2.07,24.1,64.1,16,developer,0,0,0.12,0.0,-0.12
F001,R003,2026-02-09T00:00:00,93,1930,0,0.0,3.047,0.161,0.24,0.477,1.49,23.7,69.9,16,developer,0,0,0.12,0.0,-0.12
F001,R003,2026-02-10T00:00:00,94,1929,1,0.052,2.931,0,0.214,0.411,0,24.8,68.7,16,developer,0,0,0.11,0.0,-0.11
F001,R003,2026-02-11T00:00:00,95,1928,1,0.052,2.992,0.061,0.215,0.411,3.52,24.0,70.1,16,developer,0,0,0.11,0.0,-0.11
F001,R003,2026-02-12T00:00:00,96,1926,2,0.104,2.949,0,0.245,0.501,0,23.7,70.7,16,developer,0,0,0.12,0.0,-0.12
F001,R003,2026-02-13T00:00:00,97,1925,1,0.052,3.087,0.138,0.229,0.414,1.66,23.5,68.6,16,developer,0,0,0.11,0.0,-0.11
F001,R003,2026-02-14T00:00:00,98,1924,1,0.052,2.983,0,0.228,0.441,0,23.7,65.2,16,developer,0,0,0.11,0.0,-0.11
F001,R003,2026-02-15T00:00:00,99,1923,1,0.052,2.961,0,0.22,0.407,0,24.8,61.4,16,developer,0,0,0.11,0.0,-0.11
F001,R003,2026-02-16T00:00:00,100,1922,1,0.052,2.984,0.023,0.249,0.479,10,24.1,64.0,16,developer,0,0,0.12,0.0,-0.12
F001,R003,2026-02-17T00:00:00,101,1921,1,0.052,3.035,0.051,0.263,0.479,5.16,23.6,63.8,16,developer,0,0,0.13,0.0,-0.13
F001,R003,2026-02-18T00:00:00,102,1920,1,0.052,3.039,0.004,0.237,0.441,10,23.9,65.8,16,developer,0,0,0.12,0.0,-0.12
F001,R003,2026-02-19T00:00:00,103,1919,1,0.052,3.019,0,0.255,0.521,0,24.5,69.1,16,developer,0,0,0.13,0.0,-0.13
F001,R003,2026-02-20T00:00:00,104,1918,1,0.052,2.965,0,0.218,0.404,0,24.5,63.5,16,developer,0,0,0.11,0.0,-0.11
F001,R003,2026-02-21T00:00:00,105,1916,2,0.104,3.143,0.178,0.24,0.468,1.35,24.4,63.1,16,developer,0,0,0.12,0.0,-0.12
F001,R003,2026-02-22T00:00:00,106,1915,1,0.052,3.1,0,0.24,0.449,0,24.6,63.2,16,developer,0,0,0.12,0.0,-0.12
F001,R003,2026-02-23T00:00:00,107,1914,1,0.052,3.298,0.198,0.257,0.53,1.3,24.1,65.1,16,developer,0,0,0.13,0.0,-0.13
F001,R003,2026-02-24T00:00:00,108,1914,0,0.0,3.248,0,0.272,0.556,0,24.1,69.1,16,developer,0,0,0.14,0.0,-0.14
F001,R003,2026-02-25T00:00:00,109,1914,0,0.0,3.231,0,0.235,0.474,0,24.6,63.4,16,developer,0,0,0.12,0.0,-0.12
F001,R003,2026-02-26T00:00:00,110,1914,0,0.0,3.178,0,0.243,0.485,0,23.7,62.6,16,developer,0,0,0.12,0.0,-0.12
F001,R003,2026-02-27T00:00:00,111,1913,1,0.052,3.187,0.009,0.232,0.507,10,23.7,68.2,16,developer,0,0,0.12,0.0,-0.12
F001,R003,2026-02-28T00:00:00,112,1912,1,0.052,3.185,0,0.238,0.502,0,24.9,68.3,16,developer,0,0,0.12,0.0,-0.12
F001,R003,2026-03-01T00:00:00,113,1912,0,0.0,3.242,0.057,0.237,0.429,4.16,23.7,65.8,16,pre-lay,0,0,0.12,0.0,-0.12
F001,R003,2026-03-02T00:00:00,114,1912,0,0.0,3.218,0,0.277,0.555,0,24.3,68.8,16,pre-lay,0,0,0.14,0.0,-0.14
F001,R003,2026-03-03T00:00:00,115,1911,1,0.052,3.292,0.074,0.266,0.546,3.59,23.8,64.5,16,pre-lay,0,0,0.13,0.0,-0.13
F001,R003,2026-03-04T00:00:00,116,1911,0,0.0,3.212,0,0.246,0.468,0,24.1,67.7,16,pre-lay,0,0,0.12,0.0,-0.12
F001,R003,2026-03-05T00:00:00,117,1911,0,0.0,3.252,0.04,0.265,0.531,6.62,23.7,69.0,16,pre-lay,0,0,0.13,0.0,-0.13
F001,R003,2026-03-06T00:00:00,118,1911,0,0.0,3.341,0.089,0.291,0.614,3.27,23.8,69.5,16,pre-lay,0,0,0.15,0.0,-0.15
F001,R003,2026-03-07T00:00:00,119,1910,1,0.052,3.267,0,0.251,0.5,0,24.3,70.7,16,pre-lay,0,0,0.13,0.0,-0.13
F001,R003,2026-03-08T00:00:00,120,1909,1,0.052,3.105,0,0.224,0.487,0,24.1,64.5,16,pre-lay,0,0,0.11,0.0,-0.11
F001,R003,2026-03-09T00:00:00,121,1909,0,0.0,3.386,0.281,0.285,0.55,1.01,24.9,65.5,16,pre-lay,0,0,0.14,0.0,-0.14
F001,R003,2026-03-10T00:00:00,122,1907,2,0.105,3.352,0,0.276,0.504,0,24.8,65.3,16,pre-lay,0,0,0.14,0.0,-0.14
F001,R003,2026-03-11T00:00:00,123,1905,2,0.105,3.212,0,0.261,0.501,0,24.7,66.8,16,pre-lay,0,0,0.13,0.0,-0.13
F001,R003,2026-03-12T00:00:00,124,1904,1,0.053,3.476,0.264,0.261,0.525,0.99,24.0,71.0,16,pre-lay,0,0,0.13,0.0,-0.13
F001,R003,2026-03-13T00:00:00,125,1904,0,0.0,3.295,0,0.261,0.548,0,23.5,66.3,16,pre-lay,0,0,0.13,0.0,-0.13
F001,R003,2026-03-14T00:00:00,126,1903,1,0.053,3.35,0.055,0.255,0.504,4.64,24.7,68.8,16,pre-lay,0,0,0.13,0.0,-0.13
F001,R003,2026-03-15T00:00:00,127,1901,2,0.105,3.373,0.023,0.245,0.482,10,24.6,65.6,14,pre-lay,0,0,0.12,0.0,-0.12
F001,R003,2026-03-16T00:00:00,128,1900,1,0.053,3.332,0,0.268,0.489,0,23.2,61.5,14,pre-lay,0,0,0.13,0.0,-0.13
F001,R003,2026-03-17T00:00:00,129,1899,1,0.053,3.37,0.038,0.253,0.529,6.66,23.7,61.3,14,pre-lay,0,0,0.13,0.0,-0.13
F001,R003,2026-03-18T00:00:00,130,1897,2,0.105,3.409,0.039,0.294,0.555,7.54,23.7,62.0,14,pre-lay,0,0,0.15,0.0,-0.15
F001,R003,2026-03-19T00:00:00,131,1895,2,0.106,3.503,0.094,0.254,0.504,2.7,24.2,70.4,14,pre-lay,0,0,0.13,0.0,-0.13
F001,R003,2026-03-20T00:00:00,132,1895,0,0.0,3.571,0.068,0.284,0.567,4.18,23.0,61.2,14,pre-lay,0,0,0.14,0.0,-0.14
F001,R003,2026-03-21T00:00:00,133,1894,1,0.053,3.547,0,0.271,0.571,0,23.1,70.3,14,pre-lay,0,0,0.14,0.0,-0.14
F001,R003,2026-03-22T00:00:00,134,1894,0,0.0,3.408,0,0.288,0.522,0,23.7,69.9,14,pre-lay,0,0,0.14,0.0,-0.14
F001,R003,2026-03-23T00:00:00,135,1894,0,0.0,3.607,0.199,0.265,0.483,1.33,24.2,65.0,14,pre-lay,0,0,0.13,0.0,-0.13
F001,R003,2026-03-24T00:00:00,136,1893,1,0.053,3.598,0,0.288,0.63,0,23.9,63.7,14,pre-lay,0,0,0.14,0.0,-0.14
F001,R003,2026-03-25T00:00:00,137,1893,0,0.0,3.54,0,0.285,0.626,0,23.5,70.1,14,pre-lay,0,0,0.14,0.0,-0.14
F001,R003,2026-03-26T00:00:00,138,1892,1,0.053,3.581,0.041,0.314,0.656,7.66,23.9,61.7,14,pre-lay,0,0,0.16,0.0,-0.16
F001,R003,2026-03-27T00:00:00,139,1891,1,0.053,3.543,0,0.307,0.596,0,23.2,62.0,14,pre-lay,0,0,0.15,0.0,-0.15
F001,R004,2025-11-08T00:00:00,0,2394,4,0.167,0.035,0,0.004,0.008,0,29.0,70.4,24,starter,0,0,0.0,0.0,0.0
F001,R004,2025-11-09T00:00:00,1,2390,4,0.167,0.041,0.006,0.005,0.01,0.83,30.5,69.1,24,starter,0,0,0.0,0.0,0.0
F001,R004,2025-11-10T00:00:00,2,2389,1,0.042,0.057,0.016,0.007,0.014,0.44,28.6,72.0,24,starter,0,0,0.0,0.0,0.0
F001,R004,2025-11-11T00:00:00,3,2386,3,0.126,0.081,0.024,0.01,0.02,0.42,29.8,68.3,24,starter,0,0,0.01,0.0,-0.01
F001,R004,2025-11-12T00:00:00,4,2381,5,0.21,0.104,0.023,0.013,0.028,0.57,27.9,71.7,24,starter,0,0,0.01,0.0,-0.01
F001,R004,2025-11-13T00:00:00,5,2378,3,0.126,0.129,0.025,0.016,0.034,0.64,29.3,70.5,24,starter,0,0,0.01,0.0,-0.01
F001,R004,2025-11-14T00:00:00,6,2374,4,0.168,0.144,0.015,0.017,0.037,1.13,27.8,69.6,24,starter,0,0,0.01,0.0,-0.01
F001,R004,2025-11-15T00:00:00,7,2374,0,0.0,0.157,0.013,0.014,0.029,1.08,28.8,66.9,24,starter,0,0,0.01,0.0,-0.01
F001,R004,2025-11-16T00:00:00,8,2372,2,0.084,0.157,0,0.014,0.026,0,26.8,72.6,24,starter,0,0,0.01,0.0,-0.01
F001,R004,2025-11-17T00:00:00,9,2372,0,0.0,0.198,0.041,0.02,0.038,0.49,26.8,66.5,24,starter,0,0,0.01,0.0,-0.01
F001,R004,2025-11-18T00:00:00,10,2371,1,0.042,0.243,0.045,0.023,0.044,0.51,26.2,63.9,24,starter,0,0,0.01,0.0,-0.01
F001,R004,2025-11-19T00:00:00,11,2371,0,0.0,0.281,0.038,0.029,0.053,0.76,26.2,63.1,24,starter,0,0,0.01,0.0,-0.01
F001,R004,2025-11-20T00:00:00,12,2369,2,0.084,0.327,0.046,0.032,0.07,0.7,25.7,67.9,24,starter,0,0,0.02,0.0,-0.02
F001,R004,2025-11-21T00:00:00,13,2367,2,0.084,0.38,0.053,0.037,0.076,0.7,26.8,71.0,24,starter,0,0,0.02,0.0,-0.02
F001,R004,2025-11-22T00:00:00,14,2366,1,0.042,0.382,0.002,0.038,0.079,10,26.1,68.0,24,starter,0,0,0.02,0.0,-0.02
F001,R004,2025-11-23T00:00:00,15,2366,0,0.0,0.393,0.011,0.042,0.089,3.82,25.5,68.3,24,grower,0,0,0.02,0.0,-0.02
F001,R004,2025-11-24T00:00:00,16,2364,2,0.085,0.434,0.041,0.039,0.086,0.95,25.5,71.7,24,grower,0,0,0.02,0.0,-0.02
F001,R004,2025-11-25T00:00:00,17,2362,2,0.085,0.51,0.076,0.054,0.113,0.71,25.4,68.6,24,grower,0,0,0.03,0.0,-0.03
F001,R004,2025-11-26T00:00:00,18,2362,0,0.0,0.563,0.053,0.054,0.105,1.02,25.6,68.4,24,grower,0,0,0.03,0.0,-0.03
F001,R004,2025-11-27T00:00:00,19,2360,2,0.085,0.623,0.06,0.066,0.141,1.1,25.2,71.4,24,grower,0,0,0.03,0.0,-0.03
F001,R004,2025-11-28T00:00:00,20,2358,2,0.085,0.662,0.039,0.069,0.151,1.77,23.5,71.2,24,grower,0,0,0.03,0.0,-0.03
F001,R004,2025-11-29T00:00:00,21,2358,0,0.0,0.686,0.024,0.064,0.137,2.67,23.5,65.6,24,grower,0,0,0.03,0.0,-0.03
F001,R004,2025-11-30T00:00:00,22,2356,2,0.085,0.701,0.015,0.065,0.139,4.33,23.7,71.4,20,grower,0,0,0.03,0.0,-0.03
F001,R004,2025-12-01T00:00:00,23,2354,2,0.085,0.776,0.075,0.072,0.143,0.96,23.7,67.0,20,grower,0,0,0.04,0.0,-0.04
F001,R004,2025-12-02T00:00:00,24,2353,1,0.042,0.847,0.071,0.083,0.17,1.17,24.5,72.3,20,grower,0,0,0.04,0.0,-0.04
F001,R004,2025-12-03T00:00:00,25,2352,1,0.043,0.945,0.098,0.096,0.199,0.98,23.7,69.0,20,grower,0,0,0.05,0.0,-0.05
F001,R004,2025-12-04T00:00:00,26,2351,1,0.043,1.03,0.085,0.109,0.225,1.28,24.4,71.4,20,grower,0,0,0.05,0.0,-0.05
F001,R004,2025-12-05T00:00:00,27,2350,1,0.043,1.039,0.009,0.101,0.207,10,23.2,63.0,20,grower,0,0,0.05,0.0,-0.05
F001,R004,2025-12-06T00:00:00,28,2348,2,0.085,1.075,0.036,0.079,0.171,2.19,24.5,67.6,20,grower,0,0,0.04,0.0,-0.04
F001,R004,2025-12-07T00:00:00,29,2347,1,0.043,1.12,0.045,0.082,0.167,1.82,24.7,72.9,20,grower,0,0,0.04,0.0,-0.04
F001,R004,2025-12-08T00:00:00,30,2346,1,0.043,1.189,0.069,0.088,0.189,1.28,24.9,63.5,20,grower,0,0,0.04,0.0,-0.04
F001,R004,2025-12-09T00:00:00,31,2345,1,0.043,1.29,0.101,0.112,0.21,1.11,23.5,70.4,20,grower,0,0,0.06,0.0,-0.06
F001,R004,2025-12-10T00:00:00,32,2344,1,0.043,1.347,0.057,0.104,0.2,1.82,24.3,65.9,20,grower,0,0,0.05,0.0,-0.05
F001,R004,2025-12-11T00:00:00,33,2344,0,0.0,1.448,0.101,0.127,0.274,1.26,23.8,64.2,20,grower,0,0,0.06,0.0,-0.06
F001,R004,2025-12-12T00:00:00,34,2344,0,0.0,1.545,0.097,0.113,0.233,1.16,24.2,63.2,20,grower,0,0,0.06,0.0,-0.06
F001,R004,2025-12-13T00:00:00,35,2342,2,0.085,1.436,0,0.111,0.227,0,24.0,72.8,20,grower,0,0,0.06,0.0,-0.06
F001,R004,2025-12-14T00:00:00,36,2341,1,0.043,1.556,0.12,0.119,0.224,0.99,23.4,71.7,20,grower,0,0,0.06,0.0,-0.06
F001,R004,2025-12-15T00:00:00,37,2341,0,0.0,1.509,0,0.128,0.247,0,24.9,64.9,20,grower,0,0,0.06,0.0,-0.06
F001,R004,2025-12-16T00:00:00,38,2341,0,0.0,1.659,0.15,0.138,0.302,0.92,24.8,69.4,20,grower,0,0,0.07,0.0,-0.07
F001,R004,2025-12-17T00:00:00,39,2341,0,0.0,1.731,0.072,0.148,0.284,2.06,24.9,64.4,20,grower,0,0,0.07,0.0,-0.07
F001,R004,2025-12-18T00:00:00,40,2340,1,0.043,1.819,0.088,0.141,0.283,1.6,24.6,69.7,20,grower,0,0,0.07,0.0,-0.07
F001,R004,2025-12-19T00:00:00,41,2338,2,0.086,1.82,0.001,0.15,0.323,10,23.5,66.8,20,grower,0,0,0.07,0.0,-0.07
F001,R004,2025-12-20T00:00:00,42,2338,0,0.0,1.96,0.14,0.158,0.289,1.13,24.8,72.0,20,grower,0,0,0.08,0.0,-0.08
F001,R004,2025-12-21T00:00:00,43,2336,2,0.086,1.844,0,0.143,0.31,0,24.3,72.9,20,grower,0,0,0.07,0.0,-0.07
F001,R004,2025-12-22T00:00:00,44,2335,1,0.043,1.98,0.136,0.161,0.298,1.18,23.5,64.3,20,grower,0,0,0.08,0.0,-0.08
F001,R004,2025-12-23T00:00:00,45,2334,1,0.043,1.871,0,0.143,0.268,0,24.8,66.8,20,grower,0,0,0.07,0.0,-0.07
F001,R004,2025-12-24T00:00:00,46,2333,1,0.043,1.983,0.112,0.149,0.275,1.33,23.1,69.2,20,grower,0,0,0.07,0.0,-0.07
F001,R004,2025-12-25T00:00:00,47,2331,2,0.086,2.025,0.042,0.165,0.31,3.93,24.6,65.6,20,grower,0,0,0.08,0.0,-0.08
F001,R004,2025-12-26T00:00:00,48,2330,1,0.043,2.062,0.037,0.178,0.348,4.81,23.1,63.7,20,grower,0,0,0.09,0.0,-0.09
F001,R004,2025-12-27T00:00:00,49,2330,0,0.0,2.002,0,0.155,0.288,0,23.5,68.1,20,grower,0,0,0.08,0.0,-0.08
F001,R004,2025-12-28T00:00:00,50,2329,1,0.043,2.066,0.064,0.15,0.274,2.34,23.2,66.2,20,grower,0,0,0.07,0.0,-0.07
F001,R004,2025-12-29T00:00:00,51,2328,1,0.043,2.052,0,0.171,0.376,0,23.8,64.0,20,grower,0,0,0.09,0.0,-0.09
F001,R004,2025-12-30T00:00:00,52,2327,1,0.043,2.08,0.028,0.165,0.32,5.89,24.1,63.5,20,grower,0,0,0.08,0.0,-0.08
F001,R004,2025-12-31T00:00:00,53,2325,2,0.086,2.134,0.054,0.165,0.316,3.06,25.0,67.0,20,grower,0,0,0.08,0.0,-0.08
F001,R004,2026-01-01T00:00:00,54,2324,1,0.043,2.239,0.105,0.196,0.377,1.87,23.1,64.7,20,grower,0,0,0.1,0.0,-0.1
F001,R004,2026-01-02T00:00:00,55,2324,0,0.0,2.151,0,0.184,0.396,0,23.1,66.5,20,grower,0,0,0.09,0.0,-0.09
F001,R004,2026-01-03T00:00:00,56,2323,1,0.043,2.216,0.065,0.192,0.421,2.95,24.1,65.3,20,grower,0,0,0.1,0.0,-0.1
F001,R004,2026-01-04T00:00:00,57,2323,0,0.0,2.246,0.03,0.167,0.306,5.57,24.7,65.6,20,developer,0,0,0.08,0.0,-0.08
F001,R004,2026-01-05T00:00:00,58,2322,1,0.043,2.218,0,0.176,0.34,0,24.1,68.7,20,developer,0,0,0.09,0.0,-0.09
F001,R004,2026-01-06T00:00:00,59,2321,1,0.043,2.305,0.087,0.197,0.403,2.26,23.4,71.9,20,developer,0,0,0.1,0.0,-0.1
F001,R004,2026-01-07T00:00:00,60,2320,1,0.043,2.356,0.051,0.174,0.374,3.41,23.3,66.8,20,developer,0,0,0.09,0.0,-0.09
F001,R004,2026-01-08T00:00:00,61,2320,0,0.0,2.296,0,0.19,0.346,0,24.0,67.2,20,developer,0,0,0.1,0.0,-0.1
F001,R004,2026-01-09T00:00:00,62,2319,1,0.043,2.314,0.018,0.182,0.353,10,23.9,63.0,20,developer,0,0,0.09,0.0,-0.09
F001,R004,2026-01-10T00:00:00,63,2318,1,0.043,2.363,0.049,0.187,0.384,3.82,24.0,68.6,20,developer,0,0,0.09,0.0,-0.09
F001,R004,2026-01-11T00:00:00,64,2318,0,0.0,2.376,0.013,0.203,0.385,10,24.0,65.4,20,developer,0,0,0.1,0.0,-0.1
F001,R004,2026-01-12T00:00:00,65,2316,2,0.086,2.365,0,0.172,0.377,0,24.3,69.4,20,developer,0,0,0.09,0.0,-0.09
F001,R004,2026-01-13T00:00:00,66,2316,0,0.0,2.494,0.129,0.213,0.434,1.65,24.1,66.9,20,developer,0,0,0.11,0.0,-0.11
F001,R004,2026-01-14T00:00:00,67,2315,1,0.043,2.429,0,0.208,0.435,0,24.8,69.2,20,developer,0,0,0.1,0.0,-0.1
F001,R004,2026-01-15T00:00:00,68,2314,1,0.043,2.489,0.06,0.199,0.384,3.32,23.0,64.6,20,developer,0,0,0.1,0.0,-0.1
F001,R004,2026-01-16T00:00:00,69,2313,1,0.043,2.569,0.08,0.186,0.339,2.32,23.1,64.2,20,developer,0,0,0.09,0.0,-0.09
F001,R004,2026-01-17T00:00:00,70,2311,2,0.087,2.496,0,0.219,0.435,0,23.3,66.4,20,developer,0,0,0.11,0.0,-0.11
F001,R004,2026-01-18T00:00:00,71,2311,0,0.0,2.504,0.008,0.198,0.404,10,24.0,72.1,16,developer,0,0,0.1,0.0,-0.1
F001,R004,2026-01-19T00:00:00,72,2311,0,0.0,2.641,0.137,0.219,0.419,1.6,24.7,72.6,16,developer,0,0,0.11,0.0,-0.11
F001,R004,2026-01-20T00:00:00,73,2310,1,0.043,2.57,0,0.213,0.433,0,23.4,66.3,16,developer,0,0,0.11,0.0,-0.11
F001,R004,2026-01-21T00:00:00,74,2310,0,0.0,2.504,0,0.209,0.416,0,24.9,70.3,16,developer,0,0,0.1,0.0,-0.1
F001,R004,2026-01-22T00:00:00,75,2308,2,0.087,2.417,0,0.203,0.371,0,23.2,70.2,16,developer,0,0,0.1,0.0,-0.1
F001,R004,2026-01-23T00:00:00,76,2307,1,0.043,2.587,0.17,0.207,0.436,1.22,23.0,66.1,16,developer,0,0,0.1,0.0,-0.1
F001,R004,2026-01-24T00:00:00,77,2306,1,0.043,2.648,0.061,0.231,0.49,3.79,23.9,65.7,16,developer,0,0,0.12,0.0,-0.12
F001,R004,2026-01-25T00:00:00,78,2304,2,0.087,2.72,0.072,0.215,0.464,2.99,24.1,68.8,16,developer,0,0,0.11,0.0,-0.11
F001,R004,2026-01-26T00:00:00,79,2303,1,0.043,2.715,0,0.203,0.378,0,24.7,71.3,16,developer,0,0,0.1,0.0,-0.1
F001,R004,2026-01-27T00:00:00,80,2301,2,0.087,2.79,0.075,0.224,0.466,2.99,24.8,69.9,16,developer,0,0,0.11,0.0,-0.11
F001,R004,2026-01-28T00:00:00,81,2300,1,0.043,2.762,0,0.202,0.413,0,24.3,67.0,16,developer,0,0,0.1,0.0,-0.1
F001,R004,2026-01-29T00:00:00,82,2299,1,0.043,2.825,0.063,0.208,0.401,3.3,24.7,72.2,16,developer,0,0,0.1,0.0,-0.1
F001,R004,2026-01-30T00:00:00,83,2298,1,0.044,2.84,0.015,0.235,0.517,10,23.7,69.0,16,developer,0,0,0.12,0.0,-0.12
F001,R004,2026-01-31T00:00:00,84,2296,2,0.087,2.913,0.073,0.213,0.466,2.92,24.1,64.1,16,developer,0,0,0.11,0.0,-0.11
F001,R004,2026-02-01T00:00:00,85,2295,1,0.044,2.86,0,0.241,0.504,0,23.0,64.0,16,developer,0,0,0.12,0.0,-0.12
F001,R004,2026-02-02T00:00:00,86,2294,1,0.044,2.777,0,0.244,0.506,0,24.3,68.3,16,developer,0,0,0.12,0.0,-0.12
F001,R004,2026-02-03T00:00:00,87,2292,2,0.087,2.761,0,0.232,0.45,0,24.0,71.3,16,developer,0,0,0.12,0.0,-0.12
F001,R004,2026-02-04T00:00:00,88,2291,1,0.044,2.869,0.108,0.251,0.502,2.32,24.9,64.8,16,developer,0,0,0.13,0.0,-0.13
F001,R004,2026-02-05T00:00:00,89,2290,1,0.044,2.888,0.019,0.216,0.447,10,24.1,71.7,16,developer,0,0,0.11,0.0,-0.11
F001,R004,2026-02-06T00:00:00,90,2288,2,0.087,2.855,0,0.221,0.46,0,25.0,66.6,16,developer,0,0,0.11,0.0,-0.11
F001,R004,2026-02-07T00:00:00,91,2288,0,0.0,2.776,0,0.227,0.495,0,24.3,64.2,16,developer,0,0,0.11,0.0,-0.11
F001,R004,2026-02-08T00:00:00,92,2287,1,0.044,2.975,0.199,0.254,0.482,1.28,24.7,71.9,16,developer,0,0,0.13,0.0,-0.13
F001,R004,2026-02-09T00:00:00,93,2287,0,0.0,2.903,0,0.246,0.479,0,24.6,68.7,16,developer,0,0,0.12,0.0,-0.12
F001,R004,2026-02-10T00:00:00,94,2285,2,0.088,2.928,0.025,0.225,0.465,9.0,24.0,70.2,16,developer,0,0,0.11,0.0,-0.11
F001,R004,2026-02-11T00:00:00,95,2284,1,0.044,2.922,0,0.241,0.485,0,24.5,67.3,16,developer,0,0,0.12,0.0,-0.12
F001,R004,2026-02-12T00:00:00,96,2283,1,0.044,2.975,0.053,0.242,0.507,4.57,23.2,65.1,16,developer,0,0,0.12,0.0,-0.12
F001,R004,2026-02-13T00:00:00,97,2282,1,0.044,2.985,0.01,0.223,0.49,10,24.4,68.5,16,developer,0,0,0.11,0.0,-0.11
F001,R004,2026-02-14T00:00:00,98,2282,0,0.0,2.944,0,0.218,0.468,0,23.5,65.9,16,developer,0,0,0.11,0.0,-0.11
F001,R004,2026-02-15T00:00:00,99,2280,2,0.088,3.088,0.144,0.256,0.516,1.78,24.6,71.8,16,developer,0,0,0.13,0.0,-0.13
F001,R004,2026-02-16T00:00:00,100,2278,2,0.088,2.949,0,0.242,0.502,0,24.0,67.6,16,developer,0,0,0.12,0.0,-0.12
F001,R004,2026-02-17T00:00:00,101,2277,1,0.044,2.927,0,0.25,0.468,0,23.5,68.1,16,developer,0,0,0.12,0.0,-0.12
F001,R004,2026-02-18T00:00:00,102,2275,2,0.088,2.998,0.071,0.249,0.523,3.51,24.1,72.2,16,developer,0,0,0.12,0.0,-0.12
F001,R004,2026-02-19T00:00:00,103,2274,1,0.044,2.987,0,0.216,0.441,0,23.2,73.0,16,developer,0,0,0.11,0.0,-0.11
F001,R004,2026-02-20T00:00:00,104,2273,1,0.044,2.96,0,0.256,0.554,0,24.4,72.9,16,developer,0,0,0.13,0.0,-0.13
F001,R004,2026-02-21T00:00:00,105,2273,0,0.0,3.034,0.074,0.229,0.439,3.09,24.7,63.4,16,developer,0,0,0.11,0.0,-0.11
F001,R004,2026-02-22T00:00:00,106,2271,2,0.088,3.147,0.113,0.242,0.444,2.14,23.3,70.8,16,developer,0,0,0.12,0.0,-0.12
F001,R004,2026-02-23T00:00:00,107,2269,2,0.088,3.03,0,0.247,0.477,0,23.1,63.4,16,developer,0,0,0.12,0.0,-0.12
F001,R004,2026-02-24T00:00:00,108,2267,2,0.088,3.138,0.108,0.249,0.525,2.31,24.4,64.6,16,developer,0,0,0.12,0.0,-0.12
F001,R004,2026-02-25T00:00:00,109,2266,1,0.044,3.177,0.039,0.232,0.433,5.95,25.0,64.9,16,developer,0,0,0.12,0.0,-0.12
F001,R004,2026-02-26T00:00:00,110,2266,0,0.0,3.224,0.047,0.249,0.467,5.3,23.3,71.8,16,developer,0,0,0.12,0.0,-0.12
F001,R004,2026-02-27T00:00:00,111,2265,1,0.044,3.081,0,0.27,0.505,0,23.1,68.5,16,developer,0,0,0.14,0.0,-0.14
F001,R004,2026-02-28T00:00:00,112,2265,0,0.0,3.028,0,0.265,0.55,0,23.2,66.3,16,developer,0,0,0.13,0.0,-0.13
F001,R004,2026-03-01T00:00:00,113,2265,0,0.0,3.061,0.033,0.243,0.443,7.36,23.2,66.6,16,pre-lay,0,0,0.12,0.0,-0.12
F001,R004,2026-03-02T00:00:00,114,2265,0,0.0,3.239,0.178,0.259,0.543,1.46,24.4,63.9,16,pre-lay,0,0,0.13,0.0,-0.13
F001,R004,2026-03-03T00:00:00,115,2263,2,0.088,3.125,0,0.245,0.444,0,23.4,65.5,16,pre-lay,0,0,0.12,0.0,-0.12
F001,R004,2026-03-04T00:00:00,116,2262,1,0.044,3.271,0.146,0.248,0.514,1.7,23.7,72.8,16,pre-lay,0,0,0.12,0.0,-0.12
F001,R004,2026-03-05T00:00:00,117,2261,1,0.044,3.234,0,0.253,0.55,0,23.6,72.7,16,pre-lay,0,0,0.13,0.0,-0.13
F001,R004,2026-03-06T00:00:00,118,2259,2,0.089,3.391,0.157,0.253,0.521,1.61,24.0,70.8,16,pre-lay,0,0,0.13,0.0,-0.13
F001,R004,2026-03-07T00:00:00,119,2259,0,0.0,3.2,0,0.258,0.561,0,24.4,71.7,16,pre-lay,0,0,0.13,0.0,-0.13
F001,R004,2026-03-08T00:00:00,120,2259,0,0.0,3.406,0.206,0.274,0.54,1.33,23.2,66.5,16,pre-lay,0,0,0.14,0.0,-0.14
F001,R004,2026-03-09T00:00:00,121,2257,2,0.089,3.358,0,0.283,0.543,0,23.1,72.3,16,pre-lay,0,0,0.14,0.0,-0.14
F001,R004,2026-03-10T00:00:00,122,2256,1,0.044,3.294,0,0.258,0.482,0,23.8,66.3,16,pre-lay,0,0,0.13,0.0,-0.13
F001,R004,2026-03-11T00:00:00,123,2254,2,0.089,3.448,0.154,0.264,0.486,1.71,23.8,65.7,16,pre-lay,0,0,0.13,0.0,-0.13
F001,R004,2026-03-12T00:00:00,124,2252,2,0.089,3.308,0,0.268,0.533,0,24.2,72.7,16,pre-lay,0,0,0.13,0.0,-0.13
F001,R004,2026-03-13T00:00:00,125,2250,2,0.089,3.516,0.208,0.262,0.499,1.26,23.1,63.3,16,pre-lay,0,0,0.13,0.0,-0.13
F001,R004,2026-03-14T00:00:00,126,2249,1,0.044,3.431,0,0.257,0.52,0,23.6,68.0,16,pre-lay,0,0,0.13,0.0,-0.13
F001,R004,2026-03-15T00:00:00,127,2248,1,0.044,3.369,0,0.295,0.598,0,24.7,64.9,14,pre-lay,0,0,0.15,0.0,-0.15
F001,R004,2026-03-16T00:00:00,128,2246,2,0.089,3.429,0.06,0.265,0.567,4.42,24.0,65.3,14,pre-lay,0,0,0.13,0.0,-0.13
F001,R004,2026-03-17T00:00:00,129,2244,2,0.089,3.373,0,0.277,0.53,0,24.3,68.6,14,pre-lay,0,0,0.14,0.0,-0.14
F001,R004,2026-03-18T00:00:00,130,2243,1,0.045,3.239,0,0.278,0.548,0,24.0,64.3,14,pre-lay,0,0,0.14,0.0,-0.14
F001,R004,2026-03-19T00:00:00,131,2242,1,0.045,3.443,0.204,0.293,0.621,1.44,24.2,64.4,14,pre-lay,0,0,0.15,0.0,-0.15
F001,R004,2026-03-20T00:00:00,132,2240,2,0.089,3.529,0.086,0.295,0.629,3.43,23.5,70.5,14,pre-lay,0,0,0.15,0.0,-0.15
F001,R004,2026-03-21T00:00:00,133,2240,0,0.0,3.48,0,0.296,0.619,0,23.8,72.5,14,pre-lay,0,0,0.15,0.0,-0.15
F001,R004,2026-03-22T00:00:00,134,2239,1,0.045,3.51,0.03,0.3,0.634,10,24.3,72.6,14,pre-lay,0,0,0.15,0.0,-0.15
F001,R004,2026-03-23T00:00:00,135,2237,2,0.089,3.655,0.145,0.316,0.6,2.18,23.9,68.9,14,pre-lay,0,0,0.16,0.0,-0.16
F001,R004,2026-03-24T00:00:00,136,2236,1,0.045,3.692,0.037,0.301,0.625,8.14,24.3,71.8,14,pre-lay,0,0,0.15,0.0,-0.15
F001,R004,2026-03-25T00:00:00,137,2235,1,0.045,3.725,0.033,0.299,0.565,9.06,24.1,71.7,14,pre-lay,0,0,0.15,0.0,-0.15
F001,R004,2026-03-26T00:00:00,138,2235,0,0.0,3.74,0.015,0.291,0.613,10,23.3,65.7,14,pre-lay,0,0,0.15,0.0,-0.15
F001,R004,2026-03-27T00:00:00,139,2234,1,0.045,3.585,0,0.272,0.542,0,24.4,69.1,14,pre-lay,0,0,0.14,0.0,-0.14
